ENTITY_NAME,ENTITY_STATE,ENTITY_FIP_CODE,ENTITY_TYPE,MODULE_SEX_AGE,HC01_VC03,MALE_FEMALE_CDP,HC02_VC03,HC03_VC03,HC01_VC04,HC02_VC04,HC03_VC04,HC01_VC05,HC02_VC05,HC03_VC05,AGE_DISTRIBUTION_CDP,HC01_VC08,HC02_VC08,HC03_VC08,HC01_VC09,HC02_VC09,HC03_VC09,HC01_VC10,HC02_VC10,HC03_VC10,HC01_VC11,HC02_VC11,HC03_VC11,HC01_VC12,HC02_VC12,HC03_VC12,HC01_VC13,HC02_VC13,HC03_VC13,HC01_VC14,HC02_VC14,HC03_VC14,HC01_VC15,HC02_VC15,HC03_VC15,HC01_VC16,HC02_VC16,HC03_VC16,HC01_VC17,HC02_VC17,HC03_VC17,HC01_VC18,HC02_VC18,HC03_VC18,HC01_VC19,HC02_VC19,HC03_VC19,HC01_VC20,HC02_VC20,HC03_VC20,HC01_VC23,HC02_VC23,HC03_VC23,HC01_VC26,HC02_VC26,HC03_VC26,HC01_VC27,HC02_VC27,HC03_VC27,HC01_VC28,HC02_VC28,HC03_VC28,HC01_VC29,HC02_VC29,HC03_VC29,HC01_VC32,HC02_VC32,HC03_VC32,HC01_VC33,HC02_VC33,HC03_VC33,HC01_VC34,HC02_VC34,HC03_VC34,HC01_VC37,HC02_VC37,HC03_VC37,HC01_VC38,HC02_VC38,HC03_VC38,HC01_VC39,HC02_VC39,HC03_VC39,MODULE_RACE,HC01_VC43,HC02_VC43,HC03_VC43,HC01_VC44,HC02_VC44,HC03_VC44,RACE_DISTRIBUTION_CDP,HC01_VC45,HC02_VC45,HC03_VC45,HC01_VC48,HC02_VC48,HC03_VC48,HC01_VC49,HC02_VC49,HC03_VC49,HC01_VC50,HC02_VC50,HC03_VC50,HC01_VC51,HC02_VC51,HC03_VC51,HC01_VC52,HC02_VC52,HC03_VC52,HC01_VC53,HC02_VC53,HC03_VC53,HC01_VC54,HC02_VC54,HC03_VC54,HC01_VC55,HC02_VC55,HC03_VC55,HC01_VC56,HC02_VC56,HC03_VC56,HC01_VC57,HC02_VC57,HC03_VC57,HC01_VC58,HC02_VC58,HC03_VC58,HC01_VC59,HC02_VC59,HC03_VC59,HC01_VC60,HC02_VC60,HC03_VC60,HC01_VC61,HC02_VC61,HC03_VC61,HC01_VC62,HC02_VC62,HC03_VC62,HC01_VC63,HC02_VC63,HC03_VC63,HC01_VC64,HC02_VC64,HC03_VC64,HC01_VC65,HC02_VC65,HC03_VC65,HC01_VC66,HC02_VC66,HC03_VC66,HC01_VC67,HC02_VC67,HC03_VC67,HC01_VC68,HC02_VC68,HC03_VC68,HC01_VC69,HC02_VC69,HC03_VC69,HC01_VC70,HC02_VC70,HC03_VC70,HC01_VC71,HC02_VC71,HC03_VC71,HC01_VC72,HC02_VC72,HC03_VC72,HC01_VC73,HC02_VC73,HC03_VC73,HC01_VC74,HC02_VC74,HC03_VC74,HC01_VC77,HC02_VC77,HC03_VC77,HC01_VC78,HC02_VC78,HC03_VC78,HC01_VC79,HC02_VC79,HC03_VC79,HC01_VC80,HC02_VC80,HC03_VC80,HC01_VC81,HC02_VC81,HC03_VC81,HC01_VC82,HC02_VC82,HC03_VC82,HC01_VC83,HC02_VC83,HC03_VC83,MODULE_HISPANIC,HC01_VC87,HC02_VC87,HC03_VC87,HISPANIC_CDP,HC01_VC88,HC02_VC88,HC03_VC88,HC01_VC89,HC02_VC89,HC03_VC89,HC01_VC90,HC02_VC90,HC03_VC90,HC01_VC91,HC02_VC91,HC03_VC91,HC01_VC92,HC02_VC92,HC03_VC92,HC01_VC93,HC02_VC93,HC03_VC93,HC01_VC94,HC02_VC94,HC03_VC94,HC01_VC95,HC02_VC95,HC03_VC95,HC01_VC96,HC02_VC96,HC03_VC96,HC01_VC97,HC02_VC97,HC03_VC97,HC01_VC98,HC02_VC98,HC03_VC98,HC01_VC99,HC02_VC99,HC03_VC99,HC01_VC100,HC02_VC100,HC03_VC100,HC01_VC101,HC02_VC101,HC03_VC101,HC01_VC102,HC02_VC102,HC03_VC102,HC01_VC104,HC02_VC104,HC03_VC104
Alabama,Alabama,1,State,Sex and Age,4817624,Male vs Female Percent,4753812,c,48.4,48.5,*,51.6,51.5,*,Age Distribution,6.2,6.4,*,6.3,6.5,*,6.7,6.7,,6.8,7.3,*,7.3,7,*,12.7,12.7,,12.7,13.2,*,14,14.6,*,6.7,6.4,*,6.1,5.6,*,8.3,7.6,*,4.5,4.4,*,1.7,1.6,*,38.3,37.7,*,76.8,76.2,*,72.4,71.6,*,18.1,16.7,*,14.5,13.6,*,3699231,3620682,*,47.7,47.7,,52.3,52.3,,697396,647995,*,42.8,42.2,*,57.2,57.8,*,Race,4817624,4753812,c,98.4,98.6,*,Race Distribution,1.6,1.4,*,98.4,98.6,*,69.1,69.7,*,26.4,26.2,*,0.5,0.6,*,0.2,(X),,0,(X),,0,(X),,0,(X),,1.2,1.1,*,0.3,(X),,0.2,(X),,0.1,(X),,0,(X),,0.2,(X),,0.2,(X),,0.2,(X),,0,0,,0,(X),,0,(X),,0,(X),,0,(X),,1.2,1,*,1.6,1.4,*,0.5,0.4,*,0.6,0.5,*,0.2,0.2,,0.1,0.1,,4817624,4753812,c,70.5,70.9,*,27.1,26.8,*,1.2,1.2,,1.5,1.3,*,0.1,0.1,,1.4,1.1,*,Hispanic or Latino,4817624,4753812,c,Hispanic or Latino,4,3.7,*,2.7,2.6,*,0.3,0.2,,0.1,0.1,,0.9,0.8,,96,96.3,*,66.5,67.3,*,26.3,26.1,*,0.4,0.5,*,1.2,1.1,*,0,0,,0.1,0.1,*,1.4,1.2,*,0.1,0,*,1.4,1.2,*,2183720,2164127,*
Alaska,Alaska,2,State,Sex and Age,729603,Male vs Female Percent,700113,c,52.2,52,*,47.8,48,*,Age Distribution,7.5,7.5,,7,7,,7.1,7.4,,6.9,7.5,*,8.2,7.9,*,15.2,14,*,12.6,13.6,*,14.3,15.8,*,7.2,7.2,,5.4,4.7,*,5.6,4.8,*,2.3,2.1,*,0.7,0.6,*,33.5,33.9,*,74.2,73.5,*,69.8,68.9,*,11.5,10,*,8.6,7.5,*,541369,514644,*,52.4,52.2,*,47.6,47.8,*,62535,52497,*,49,48.7,,51,51.3,,Race,729603,700113,c,92,92.3,,Race Distribution,8,7.7,,92,92.3,,66.5,67.3,*,3.5,3.4,,14.1,14,,0.1,(X),,0,(X),,0,(X),,0,(X),,5.5,5.4,,0.1,(X),,0.3,(X),,2.8,(X),,0.2,(X),,0.7,(X),,0.2,(X),,1.3,(X),,1.1,1,*,0.2,(X),,0,(X),,0.7,(X),,0.2,(X),,1.2,1.2,,8,7.7,,0.8,0.7,,4.3,4.4,,1.1,0.9,,0.4,0.2,,729603,700113,c,73.5,74.2,*,5.1,4.8,*,19.4,19.3,,7.4,6.9,*,1.6,1.5,,1.6,1.7,,Hispanic or Latino,729603,700113,c,Hispanic or Latino,6.3,5.6,*,3.4,3.3,,0.9,0.6,*,0.2,0.1,,1.8,1.6,,93.7,94.4,*,63,64.1,*,3.3,3.2,,13.7,13.7,,5.5,5.3,,1.1,1,*,0.1,0.1,,7.1,7,,0.1,0.1,,7,6.9,,307300,303104,*
Arizona,Arizona,4,State,Sex and Age,6548856,Male vs Female Percent,6345751,c,49.7,49.7,,50.3,50.3,,Age Distribution,6.7,7.3,*,7,7,,6.9,7.1,*,6.9,7.2,*,7.2,6.9,*,13.3,13.5,*,12.6,13,*,12.8,13.2,*,6,5.8,*,5.7,5.3,*,8.5,7.6,*,4.6,4.4,*,1.7,1.6,*,36.6,35.6,*,75.3,74.3,*,71,69.9,*,18.2,16.6,*,14.8,13.6,*,4931326,4716586,*,49.3,49.2,*,50.7,50.8,*,969636,860177,*,45.8,45.5,*,54.2,54.5,*,Race,6548856,6345751,c,97,97.3,*,Race Distribution,3,2.7,*,97,97.3,*,79,79.7,*,4.2,4,*,4.4,4.4,,0,(X),,0,(X),,2.2,(X),,0,(X),,2.9,2.7,*,0.6,(X),,0.5,(X),,0.5,(X),,0.2,(X),,0.2,(X),,0.4,(X),,0.4,(X),,0.2,0.2,,0.1,(X),,0,(X),,0,(X),,0.1,(X),,6.2,6.3,,3,2.7,*,0.6,0.5,*,0.6,0.6,,0.6,0.5,*,0.1,0.1,,6548856,6345751,c,81.6,82,*,5.1,4.8,*,5.4,5.3,*,3.8,3.5,*,0.4,0.3,*,7,7,,Hispanic or Latino,6548856,6345751,c,Hispanic or Latino,30.1,29.4,c,27.2,26.8,*,0.6,0.5,,0.2,0.1,*,2.2,2,*,69.9,70.6,c,57,58.1,*,4,3.8,*,4,4,,2.8,2.7,*,0.2,0.2,,0.1,0.1,*,1.9,1.7,*,0.1,0.1,,1.8,1.6,*,2873765,2825789,*
Arkansas,Arkansas,5,State,Sex and Age,2949238,Male vs Female Percent,2897671,c,49.1,49,,50.9,51,,Age Distribution,6.6,6.8,*,6.9,6.8,,6.7,6.7,,6.7,7.1,*,7,6.8,*,13,12.8,*,12.4,12.9,*,13.4,13.9,*,6.5,6.2,*,5.9,5.7,*,8.5,7.9,*,4.7,4.6,*,1.7,1.8,,37.6,37.3,*,75.9,75.5,*,71.6,71.1,*,18.4,17.5,*,15,14.3,*,2238816,2188367,*,48.4,48.3,*,51.6,51.7,*,441125,413696,*,44,43.4,*,56,56.6,*,Race,2949238,2897671,c,98,98.1,*,Race Distribution,2,1.9,*,98,98.1,*,78.1,78.4,*,15.5,15.6,,0.6,0.6,,0.2,(X),,0,(X),,0,(X),,0,(X),,1.3,1.2,*,0.3,(X),,0.2,(X),,0.2,(X),,0,(X),,0.1,(X),,0.2,(X),,0.3,(X),,0.2,0.2,*,0,(X),,0,(X),,0,(X),,0.2,(X),,2.1,2.2,,2,1.9,*,0.5,0.5,*,0.9,0.9,,0.2,0.2,*,0.1,0.1,,2949238,2897671,c,80,80.2,,16.2,16.2,,1.7,1.6,*,1.6,1.4,*,0.3,0.2,*,2.3,2.4,,Hispanic or Latino,2949238,2897671,c,Hispanic or Latino,6.7,6.1,*,5.3,4.7,*,0.2,0.2,,0,0,,1.3,1.2,,93.3,93.9,*,73.9,74.8,*,15.4,15.5,*,0.6,0.5,,1.3,1.2,*,0.2,0.2,*,0.1,0.1,,1.8,1.6,*,0,0,,1.8,1.6,*,1325302,1310895,*
California,California,6,State,Sex and Age,38000360,Male vs Female Percent,36971641,c,49.7,49.7,,50.3,50.3,,Age Distribution,6.6,6.9,*,6.7,6.7,*,6.7,7,*,7.1,7.6,*,7.6,7.4,*,14.5,14.3,*,13.6,14.1,*,13.8,14.1,*,6.1,5.8,*,5.2,4.8,*,6.7,6,*,3.7,3.7,,1.7,1.6,*,35.6,35,*,75.8,74.8,*,71.3,70.1,*,15.1,13.9,*,12.1,11.3,*,28790126,27663988,*,49.3,49.2,*,50.7,50.8,*,4598944,4162835,*,43.9,43.3,*,56.1,56.7,*,Race,38000360,36971641,c,95.6,96.1,*,Race Distribution,4.4,3.9,*,95.6,96.1,*,62.3,62.1,*,6,6.1,*,0.7,0.8,*,0.1,(X),,0,(X),,0,(X),,0,(X),,13.4,13.1,*,1.6,(X),,3.5,(X),,3.2,(X),,0.7,(X),,1.2,(X),,1.6,(X),,1.6,(X),,0.4,0.4,,0.1,(X),,0.1,(X),,0.1,(X),,0.2,(X),,12.8,13.7,*,4.4,3.9,*,0.6,0.5,*,0.7,0.6,*,1.2,1,*,0.1,0.1,,38000360,36971641,c,65.9,65.3,*,7.1,7.1,,1.8,1.8,*,15.3,14.6,*,0.8,0.7,*,13.9,14.8,*,Hispanic or Latino,38000360,36971641,c,Hispanic or Latino,38.2,37.2,c,31.8,31.2,*,0.5,0.5,*,0.2,0.2,*,5.6,5.3,*,61.8,62.8,c,39.2,40.6,*,5.7,5.8,*,0.4,0.4,,13.2,12.9,*,0.4,0.4,,0.2,0.3,*,2.7,2.4,*,0.1,0.1,,2.6,2.2,*,13762376,13645899,*
Colorado,Colorado,8,State,Sex and Age,5192076,Male vs Female Percent,4970333,c,50.2,50.1,*,49.8,49.9,*,Age Distribution,6.5,6.9,*,6.8,7,*,6.7,6.6,,6.6,6.9,*,7.1,7,*,14.7,14.3,*,13.7,14.2,*,13.9,14.9,*,6.7,6.4,*,5.7,5.2,*,6.9,6,*,3.5,3.4,*,1.4,1.4,,36.2,36,*,76.2,75.5,*,72.1,71.3,*,15.1,13.6,*,11.8,10.8,*,3958231,3753848,*,49.9,49.7,*,50.1,50.3,*,611963,534354,*,44.9,44.1,*,55.1,55.9,*,Race,5192076,4970333,c,96.6,96.7,*,Race Distribution,3.4,3.3,*,96.6,96.7,*,84.2,84,,4,3.9,*,0.9,1,,0.1,(X),,0,(X),,0.1,(X),,0.1,(X),,2.8,2.7,*,0.4,(X),,0.5,(X),,0.3,(X),,0.2,(X),,0.4,(X),,0.5,(X),,0.5,(X),,0.1,0.1,*,0,(X),,0,(X),,0,(X),,0,(X),,4.5,5,*,3.4,3.3,*,0.6,0.6,,0.8,0.9,*,0.7,0.7,,0.1,0.1,,5192076,4970333,c,87.2,86.9,,5.1,4.9,*,2.1,2.1,,3.8,3.6,*,0.3,0.3,*,5.2,5.7,*,Hispanic or Latino,5192076,4970333,c,Hispanic or Latino,20.9,20.4,*,15.8,15.8,,0.5,0.4,*,0.1,0.1,*,4.5,4.1,*,79.1,79.6,*,69.4,70.2,*,3.8,3.7,*,0.5,0.6,,2.8,2.7,*,0.1,0.1,*,0.2,0.2,,2.2,2.1,,0,0.1,*,2.2,2.1,*,2231542,2201603,*
Connecticut,Connecticut,9,State,Sex and Age,3592264,Male vs Female Percent,3561486,c,48.7,48.7,*,51.3,51.3,*,Age Distribution,5.4,5.7,*,6.1,6.2,*,6.5,6.8,*,7.1,7.1,,6.5,6.3,*,12.1,11.7,*,12.7,14,*,15.7,16,*,7.1,6.5,*,6,5.6,*,7.8,7,*,4.5,4.7,*,2.5,2.3,*,40.3,39.8,*,77.9,76.9,*,73.3,72.7,*,18.3,17.2,*,14.8,14,*,2796960,2740102,*,48.1,47.9,*,51.9,52.1,*,530971,500372,*,42.6,41.8,*,57.4,58.2,*,Race,3592264,3561486,c,97.3,97.6,*,Race Distribution,2.7,2.4,*,97.3,97.6,*,77.7,78.6,*,10.2,9.8,*,0.2,0.2,,0,(X),,0,(X),,0,(X),,0,(X),,4.1,3.8,*,1.4,(X),,0.9,(X),,0.4,(X),,0.1,(X),,0.3,(X),,0.2,(X),,0.7,(X),,0,0,*,0,(X),,0,(X),,0,(X),,0,(X),,5,5.2,,2.7,2.4,*,0.9,0.8,,0.3,0.3,*,0.4,0.4,*,0.1,0.1,,3592264,3561486,c,79.9,80.6,*,11.7,11.1,*,0.9,0.8,,4.7,4.2,*,0.1,0.1,*,5.7,5.7,,Hispanic or Latino,3592264,3561486,c,Hispanic or Latino,14.3,13,c,1.5,1.4,,7.6,7.1,*,0.3,0.3,,4.9,4.3,*,85.7,87,c,69.9,71.7,*,9.5,9.3,*,0.1,0.1,,4,3.7,*,0,0,*,0.3,0.4,*,1.8,1.7,*,0.1,0.1,*,1.7,1.6,,1487745,1483468,*
Delaware,Delaware,10,State,Sex and Age,916929,Male vs Female Percent,891791,c,48.4,48.5,*,51.6,51.5,*,Age Distribution,6.1,6.3,*,6.2,6.4,,6.2,6.3,,6.6,7.2,*,7.2,7,*,12.7,12.4,*,12.2,13.2,*,14.5,14.8,*,6.6,6.4,*,6.3,5.8,*,8.8,7.9,*,4.6,4.4,*,1.9,1.9,,39.1,38.6,*,77.7,76.9,*,73.2,72.3,*,19.1,17.4,*,15.3,14.2,*,712616,685790,*,47.7,47.7,,52.3,52.3,,140456,126194,*,44.1,43.7,*,55.9,56.3,*,Race,916929,891791,c,97.3,97.8,*,Race Distribution,2.7,2.2,*,97.3,97.8,*,69.5,70.9,*,21.6,21.3,*,0.3,0.4,,0,(X),,0,(X),,0,(X),,0,(X),,3.4,3.2,*,1.4,(X),,0.8,(X),,0.4,(X),,0,(X),,0.3,(X),,0.2,(X),,0.4,(X),,0,0.1,,0,(X),,0,(X),,0,(X),,0,(X),,2.4,2,*,2.7,2.2,*,1.2,0.9,*,0.3,0.3,,0.4,0.3,,0.1,0.2,,916929,891791,c,71.8,72.7,*,23.3,22.6,*,1,0.9,,4,3.7,*,0.1,0.1,,2.7,2.3,*,Hispanic or Latino,916929,891791,c,Hispanic or Latino,8.6,7.9,c,3.2,3.3,,2.8,2.4,*,0.2,0.2,,2.4,2,*,91.4,92.1,c,64.3,65.8,*,20.9,20.9,,0.3,0.3,,3.4,3.2,*,0,0,,0.2,0.2,,2.2,1.7,*,0.1,0.1,,2.1,1.7,*,409783,403451,*
District of Columbia,District of Columbia,11,State,Sex and Age,633167,Male vs Female Percent,592306,c,47.3,47.3,*,52.7,52.7,*,Age Distribution,6.1,5.6,*,4.6,4.4,,3.8,4.3,*,6.1,7.5,*,9.4,9.7,*,22.2,20,*,13.7,13.7,*,12,12.7,*,5.6,5.6,,5.1,5,,6.2,6.1,*,3.5,3.6,*,1.6,1.7,,33.7,34.1,*,83,82.8,*,77.4,76.3,*,14.2,14.2,,11.3,11.5,*,525494,490344,*,46.7,46.6,*,53.3,53.4,*,71678,67828,*,40.4,40,*,59.6,60,*,Race,633167,592306,c,97.5,98.1,*,Race Distribution,2.5,1.9,*,97.5,98.1,*,40.2,39.4,*,49.4,51.9,*,0.3,0.3,,N,(X),,N,(X),,N,(X),,N,(X),,3.6,3.6,,0.9,(X),,0.9,(X),,0.4,(X),,0.2,(X),,0.4,(X),,0.3,(X),,0.5,(X),,0,0.1,*,N,(X),,N,(X),,N,(X),,N,(X),,4,2.9,*,2.5,1.9,*,0.6,0.5,,0.2,0.1,,0.7,0.5,*,0.1,0.2,,633167,592306,c,42.2,40.7,*,50.7,53.1,*,0.9,0.9,,4.6,4.2,*,0.1,0.1,,4.4,3.2,*,Hispanic or Latino,633167,592306,c,Hispanic or Latino,9.9,9,c,1.4,1.6,,0.6,0.6,,0.3,0.4,,7.6,6.4,*,90.1,91,c,35.4,34.1,*,48.7,51.3,*,0.2,0.2,,3.5,3.5,,0,0.1,*,0.2,0.2,,2,1.7,*,0.2,0.1,,1.9,1.5,*,299880,295515,*
Florida,Florida,12,State,Sex and Age,19319031,Male vs Female Percent,18674425,c,48.9,48.9,*,51.1,51.1,*,Age Distribution,5.6,5.8,*,5.7,5.7,,5.9,6.1,*,6.1,6.6,*,6.7,6.6,*,12.4,12.1,*,12.5,13.2,*,14.2,14.5,*,6.7,6.3,*,6.1,5.9,*,9.8,9,*,5.9,5.8,*,2.5,2.3,*,41.2,40.5,*,79.2,78.6,*,75.3,74.3,*,21.8,20.6,*,18.1,17.2,*,15305435,14668955,*,48.3,48.2,*,51.7,51.8,*,3503690,3203866,*,44.7,44.4,*,55.3,55.6,*,Race,19319031,18674425,c,97.7,98,*,Race Distribution,2.3,2,*,97.7,98,*,76.2,76.6,*,16.1,15.8,*,0.3,0.3,,0.1,(X),,0,(X),,0,(X),,0,(X),,2.5,2.4,*,0.7,(X),,0.5,(X),,0.5,(X),,0.1,(X),,0.1,(X),,0.4,(X),,0.4,(X),,0.1,0.1,,0,(X),,0,(X),,0,(X),,0,(X),,2.5,2.7,*,2.3,2,*,0.8,0.6,*,0.3,0.3,*,0.4,0.3,*,0.1,0.1,,19319031,18674425,c,78.1,78.3,*,17.2,16.8,*,0.8,0.8,,3.2,2.9,*,0.2,0.1,*,3,3.2,*,Hispanic or Latino,19319031,18674425,c,Hispanic or Latino,23.3,22.1,*,3.4,3.2,*,4.8,4.5,*,6.9,6.4,*,8.2,8,*,76.7,77.9,*,56.7,58.4,*,15.4,15.2,*,0.2,0.2,*,2.5,2.4,*,0,0.1,,0.3,0.3,,1.7,1.4,*,0.1,0.1,*,1.5,1.3,*,9020516,8958078,*
Georgia,Georgia,13,State,Sex and Age,9905993,Male vs Female Percent,9612759,c,48.9,48.8,,51.1,51.2,,Age Distribution,6.8,7.2,*,7.1,7.2,*,7.1,7.1,,7.2,7.5,*,7.2,7,*,13.7,13.8,*,14,14.8,*,14.1,14.3,*,6.2,5.8,*,5.3,5,*,6.9,6.1,*,3.4,3.2,*,1.2,1.2,,35.7,35.2,*,74.9,74.2,*,70.3,69.5,*,14.6,13.2,*,11.5,10.5,*,7417996,7128517,*,48.1,48,*,51.9,52,*,1134872,1005428,*,43,42.1,*,57,57.9,*,Race,9905993,9612759,c,97.9,98.4,*,Race Distribution,2.1,1.6,*,97.9,98.4,*,60.6,60.9,*,30.8,30.5,*,0.3,0.2,,0.1,(X),,0,(X),,0,(X),,0,(X),,3.4,3.2,*,1,(X),,0.5,(X),,0.2,(X),,0.1,(X),,0.6,(X),,0.5,(X),,0.6,(X),,0,0,,0,(X),,0,(X),,0,(X),,0,(X),,2.8,3.5,*,2.1,1.6,*,0.7,0.6,*,0.3,0.3,,0.4,0.2,*,0.1,0.1,,9905993,9612759,c,62.2,62.2,,32,31.4,*,0.8,0.7,*,4,3.6,*,0.1,0.1,*,3.1,3.7,*,Hispanic or Latino,9905993,9612759,c,Hispanic or Latino,9.1,8.6,*,5.5,5.4,*,0.9,0.7,*,0.3,0.3,*,2.4,2.3,,90.9,91.4,*,55,56.2,*,30.4,30.1,*,0.2,0.2,,3.4,3.2,*,0,0,,0.2,0.2,,1.7,1.3,*,0.1,0.1,*,1.6,1.3,*,4100890,4074620,*
Hawaii,Hawaii,15,State,Sex and Age,1390348,Male vs Female Percent,1347518,c,50.3,50.1,*,49.7,49.9,*,Age Distribution,6.5,6.5,,6,5.9,,6,6.2,,5.9,6.4,*,7.4,7.1,*,14.3,13.5,*,12.5,13.2,*,13.3,14.4,*,6.7,6.7,,6.2,6,*,8.1,7.2,*,4.5,4.8,*,2.5,2.1,*,38.2,38.5,*,78,77.6,*,74.3,73.6,*,18.6,17.5,*,15.2,14.2,*,1084567,1045529,*,50.1,49.7,*,49.9,50.3,*,210835,191254,*,44.4,44.1,*,55.6,55.9,*,Race,1390348,1347518,c,76.4,76.5,,Race Distribution,23.6,23.5,,76.4,76.5,,25.2,24.9,*,2,1.5,*,0.2,0.2,,0,(X),,0,(X),,0,(X),,0,(X),,37.9,38.9,*,0.1,(X),,3.9,(X),,14.2,(X),,13.6,(X),,1.6,(X),,0.7,(X),,3.8,(X),,9.9,9.8,,6.2,(X),,0.2,(X),,1.1,(X),,2.5,(X),,1.2,1.2,,23.6,23.5,,0.3,0.4,,0.6,0.8,*,4.9,5.2,,0.1,0.1,*,1390348,1347518,c,42.6,42.2,,3.3,2.9,*,2.2,2.6,*,56.3,57.3,*,25.9,25.3,*,2.7,2.5,,Hispanic or Latino,1390348,1347518,c,Hispanic or Latino,9.6,8.8,c,2.8,2.8,,3.5,3,*,0.1,0.1,,3.2,2.9,,90.4,91.2,c,22.9,22.8,*,1.8,1.4,*,0.1,0.1,,37.1,37.9,*,9.1,9.3,,0.1,0.1,,19.2,19.4,,0.2,0.2,,19,19.3,,524389,517417,*
Idaho,Idaho,16,State,Sex and Age,1597222,Male vs Female Percent,1553404,c,50.1,50.1,,49.9,49.9,,Age Distribution,7.2,7.9,*,7.6,7.6,,7.6,7.5,,7.1,7.5,*,7,7,,13.2,13.2,,12.2,12.4,*,12.7,13.5,*,6.3,6.1,*,5.8,5.2,*,7.7,6.8,*,4,3.8,*,1.6,1.6,,35.2,34.5,*,73.3,72.6,*,68.9,68.3,*,16.6,15,*,13.3,12.2,*,1170044,1127498,*,49.6,49.5,*,50.4,50.5,*,212310,189314,*,46.6,46,*,53.4,54,*,Race,1597222,1553404,c,97.6,97.5,,Race Distribution,2.4,2.5,,97.6,97.5,,91.9,92.3,*,0.6,0.6,,1.2,1.3,,0.1,(X),,0,(X),,0,(X),,0,(X),,1.3,1.2,*,0.2,(X),,0.3,(X),,0.2,(X),,0.2,(X),,0.2,(X),,0.1,(X),,0.3,(X),,0.1,0.1,,0,(X),,0,(X),,0,(X),,0,(X),,2.5,2,*,2.4,2.5,,0.3,0.2,*,0.9,1.1,*,0.5,0.5,,0,0,*,1597222,1553404,c,94.2,94.7,*,1.1,1,*,2.3,2.4,,2,1.9,*,0.3,0.3,*,2.8,2.4,*,Hispanic or Latino,1597222,1553404,c,Hispanic or Latino,11.6,10.9,*,10.1,9.5,*,0.2,0.2,,0.1,0,,1.3,1.1,*,88.4,89.1,*,83.4,84.3,*,0.5,0.5,,1.1,1,,1.3,1.2,*,0.1,0.1,,0.1,0.1,,1.9,1.9,,0,0.1,,1.9,1.8,,672794,663166,*
Illinois,Illinois,17,State,Sex and Age,12868770,Male vs Female Percent,12795658,c,49.1,49,*,50.9,51,*,Age Distribution,6.3,6.6,*,6.6,6.7,*,6.7,6.9,*,6.9,7.3,*,6.9,6.8,*,13.8,13.8,*,13.2,13.7,*,14.2,14.6,*,6.5,6.2,*,5.6,5,*,7.2,6.5,*,4.1,4.1,,1.9,1.8,*,37,36.4,*,76.2,75.5,*,72,71.1,*,16.4,15.2,*,13.1,12.4,*,9810998,9656931,*,48.5,48.4,*,51.5,51.6,*,1691796,1591723,*,42.6,41.9,*,57.4,58.1,*,Race,12868770,12795658,c,97.8,98.2,*,Race Distribution,2.2,1.8,*,97.8,98.2,*,72.6,72.4,*,14.4,14.5,*,0.2,0.2,,0,(X),,0,(X),,0,(X),,0,(X),,4.8,4.6,*,1.5,(X),,0.9,(X),,0.9,(X),,0.1,(X),,0.5,(X),,0.2,(X),,0.6,(X),,0,0,*,0,(X),,0,(X),,0,(X),,0,(X),,5.8,6.5,*,2.2,1.8,*,0.7,0.6,*,0.3,0.3,,0.5,0.4,*,0.1,0,*,12868770,12795658,c,74.4,74,*,15.3,15.3,,0.7,0.6,*,5.5,5.1,*,0.1,0.1,*,6.3,6.9,*,Hispanic or Latino,12868770,12795658,c,Hispanic or Latino,16.3,15.5,*,12.9,12.4,*,1.5,1.4,*,0.2,0.2,,1.6,1.6,,83.7,84.5,*,62.9,63.9,*,14.2,14.3,*,0.1,0.1,,4.8,4.5,*,0,0,*,0.1,0.2,*,1.6,1.3,*,0.1,0.1,,1.5,1.3,*,5287756,5292813,*
Indiana,Indiana,18,State,Sex and Age,6541673,Male vs Female Percent,6458253,c,49.2,49.2,*,50.8,50.8,*,Age Distribution,6.5,6.7,*,6.8,6.9,,6.9,7,,7.1,7.4,*,7.2,7,*,12.8,12.8,,12.7,13.2,*,14.1,14.6,*,6.7,6.3,*,5.7,5.2,*,7.5,6.9,*,4.2,4.3,*,1.9,1.7,*,37.2,36.8,*,75.7,75.1,*,71.2,70.4,*,16.8,15.7,*,13.6,12.9,*,4950486,4850784,*,48.6,48.5,*,51.4,51.5,*,886609,830598,*,43.1,42.3,*,56.9,57.7,*,Race,6541673,6458253,c,97.8,98,*,Race Distribution,2.2,2,*,97.8,98,*,84.3,85,*,9.1,9,*,0.2,0.2,,0,(X),,0,(X),,0,(X),,0,(X),,1.7,1.5,*,0.5,(X),,0.4,(X),,0.2,(X),,0.1,(X),,0.2,(X),,0.1,(X),,0.3,(X),,0,0,,0,(X),,0,(X),,0,(X),,0,(X),,2.4,2.2,*,2.2,2,*,0.9,0.8,*,0.5,0.5,,0.3,0.2,*,0.1,0.1,,6541673,6458253,c,86.3,86.9,*,10.2,10,*,0.9,0.9,,2.1,1.8,*,0.1,0.1,*,2.7,2.5,*,Hispanic or Latino,6541673,6458253,c,Hispanic or Latino,6.3,5.9,*,4.8,4.5,*,0.5,0.5,,0.1,0.1,,0.9,0.8,*,93.7,94.1,*,80.9,81.8,*,9,8.8,*,0.2,0.2,,1.7,1.5,*,0,0,,0.1,0.1,,1.8,1.6,*,0.1,0.1,,1.8,1.6,*,2804783,2791426,*
Iowa,Iowa,19,State,Sex and Age,3076519,Male vs Female Percent,3033163,c,49.6,49.4,*,50.4,50.6,*,Age Distribution,6.3,6.6,*,6.7,6.5,,6.6,6.6,,7,7.2,*,7.2,7.1,*,12.6,12.4,*,11.8,12.2,*,13.7,14.5,*,6.8,6.6,*,6.1,5.4,*,7.8,7.3,*,5,5.1,*,2.5,2.4,*,38.1,38,,76.5,76.1,*,71.8,71.4,*,18.7,17.9,*,15.2,14.9,*,2352992,2307893,*,49,48.8,*,51,51.2,*,469149,450481,*,43.2,42.4,*,56.8,57.6,*,Race,3076519,3033163,c,98.1,98.2,,Race Distribution,1.9,1.8,,98.1,98.2,,91.4,91.7,*,3.1,2.9,*,0.3,0.3,,0,(X),,0,(X),,0,(X),,0,(X),,1.9,1.7,*,0.4,(X),,0.4,(X),,0.1,(X),,0,(X),,0.2,(X),,0.3,(X),,0.5,(X),,0.1,0,*,0,(X),,0,(X),,0,(X),,0,(X),,1.3,1.5,*,1.9,1.8,,0.7,0.6,*,0.5,0.5,,0.3,0.2,,0,0,,3076519,3033163,c,93.2,93.4,*,3.9,3.7,*,0.9,1,,2.3,2,*,0.1,0.1,,1.6,1.8,*,Hispanic or Latino,3076519,3033163,c,Hispanic or Latino,5.3,4.7,*,4.1,3.7,*,0.2,0.2,,0.1,0,,0.9,0.8,,94.7,95.3,*,87.9,89,*,3,2.8,*,0.3,0.2,,1.9,1.7,*,0.1,0,*,0.1,0.1,,1.5,1.5,,0,0,,1.5,1.4,,1344770,1333328,*
Kansas,Kansas,20,State,Sex and Age,2882966,Male vs Female Percent,2833318,c,49.7,49.6,*,50.3,50.4,*,Age Distribution,7,7.2,*,7,7.1,,7,6.9,,7.1,7.2,*,7.3,7.2,*,13.4,13.1,*,12,12.4,*,13.4,14.4,*,6.6,6.3,*,5.6,5.1,*,7.2,6.6,*,4.4,4.4,,2.1,2.1,,36,36,,74.9,74.6,*,70.4,70.1,*,16.9,16,*,13.7,13.1,*,2158434,2114297,*,49.2,49,*,50.8,51,*,393595,372374,*,43.6,42.9,*,56.4,57.1,*,Race,2882966,2833318,c,96.7,96.9,*,Race Distribution,3.3,3.1,*,96.7,96.9,*,85.4,85.4,,5.8,5.8,,0.8,0.8,,0.2,(X),,0,(X),,0.1,(X),,0,(X),,2.5,2.4,,0.5,(X),,0.4,(X),,0.2,(X),,0.1,(X),,0.2,(X),,0.5,(X),,0.6,(X),,0.1,0.1,,0,(X),,0,(X),,0,(X),,0,(X),,2.2,2.5,*,3.3,3.1,*,1,0.9,*,1,1.1,,0.4,0.3,*,0.1,0.2,*,2882966,2833318,c,88.4,88.1,,7.2,7,*,2.1,2.2,,3.1,2.8,*,0.2,0.1,*,2.6,2.9,*,Hispanic or Latino,2882966,2833318,c,Hispanic or Latino,11,10.2,*,9.3,8.6,*,0.3,0.3,,0.1,0.1,*,1.2,1.1,,89,89.8,*,77.4,78.5,*,5.7,5.6,,0.7,0.7,,2.4,2.4,,0.1,0.1,,0.1,0.1,,2.7,2.5,*,0,0,,2.6,2.4,*,1237481,1229622,*
Kentucky,Kentucky,21,State,Sex and Age,4380635,Male vs Female Percent,4317737,c,49.2,49.1,*,50.8,50.9,*,Age Distribution,6.3,6.5,*,6.5,6.5,,6.6,6.6,,6.6,7,*,7,6.7,*,12.9,12.9,,12.9,13.6,*,14.3,14.8,*,6.8,6.6,*,6.1,5.6,*,8.1,7.4,*,4.2,4.2,,1.7,1.6,*,38.4,37.9,*,76.7,76.3,*,72.5,71.9,*,17.6,16.3,*,14,13.2,*,3361622,3293179,*,48.6,48.4,*,51.4,51.6,*,613375,570196,*,43.3,42.6,*,56.7,57.4,*,Race,4380635,4317737,c,98,98.4,*,Race Distribution,2,1.6,*,98,98.4,*,87.8,88.3,*,7.9,7.8,*,0.2,0.2,,0.1,(X),,0,(X),,0,(X),,0,(X),,1.2,1.1,*,0.3,(X),,0.2,(X),,0.1,(X),,0.1,(X),,0.1,(X),,0.1,(X),,0.3,(X),,0,0.1,*,0,(X),,0,(X),,0,(X),,0,(X),,0.9,1,,2,1.6,*,0.9,0.7,*,0.4,0.4,,0.3,0.2,*,0.1,0,,4380635,4317737,c,89.6,89.8,*,9.1,8.7,*,0.7,0.7,,1.6,1.3,*,0.1,0.1,,1.1,1.1,,Hispanic or Latino,4380635,4317737,c,Hispanic or Latino,3.2,2.9,*,1.9,1.8,,0.3,0.3,*,0.3,0.2,,0.7,0.6,*,96.8,97.1,*,85.8,86.6,*,7.8,7.7,*,0.2,0.2,*,1.2,1.1,*,0,0.1,,0.1,0.1,,1.7,1.4,*,0,0,,1.7,1.4,*,1933019,1923245,*
Louisiana,Louisiana,22,State,Sex and Age,4600933,Male vs Female Percent,4490487,c,48.9,48.9,,51.1,51.1,,Age Distribution,6.8,6.9,*,6.7,6.9,*,6.7,6.7,,6.7,7.3,*,7.6,7.5,*,14.1,13.5,*,12.3,12.8,*,13.8,14.5,*,6.6,6.3,*,5.7,5.3,*,7.4,6.8,*,4,3.9,,1.5,1.5,*,36,36,,75.8,75.2,*,71.4,70.4,*,16.2,15.2,*,12.9,12.2,*,3486067,3375728,*,48.2,48.2,*,51.8,51.8,*,593059,549312,*,43,42.3,*,57,57.7,*,Race,4600933,4490487,c,98.2,98.6,*,Race Distribution,1.8,1.4,*,98.2,98.6,*,62.9,63.3,*,32.1,32,,0.6,0.6,,0.1,(X),,0,(X),,0,(X),,0,(X),,1.6,1.6,*,0.2,(X),,0.3,(X),,0.2,(X),,0,(X),,0.1,(X),,0.7,(X),,0.2,(X),,0,0.1,,0,(X),,0,(X),,0,(X),,0,(X),,1,1.1,,1.8,1.4,*,0.6,0.5,*,0.4,0.4,*,0.2,0.2,*,0.1,0.1,*,4600933,4490487,c,64.4,64.5,,33,32.6,*,1.3,1.2,*,1.9,1.8,*,0.1,0.1,,1.3,1.3,,Hispanic or Latino,4600933,4490487,c,Hispanic or Latino,4.6,4.1,*,1.8,1.8,,0.3,0.2,*,0.3,0.3,,2.2,1.9,*,95.4,95.9,*,59.7,60.6,*,31.8,31.8,,0.6,0.6,,1.6,1.6,*,0,0.1,,0.2,0.1,,1.5,1.1,*,0.1,0.1,,1.4,1.1,*,1982533,1952350,*
Maine,Maine,23,State,Sex and Age,1328217,Male vs Female Percent,1329222,c,49,48.9,*,51,51.1,*,Age Distribution,4.9,5.2,*,5.6,5.6,,5.7,6.1,*,6.4,6.8,*,6,6,,11.1,10.8,*,12.2,13.3,*,15.8,16.5,*,8,7.4,*,7.2,6.6,*,9.4,8.3,*,5.3,5.2,,2.2,2.1,,43.6,42.4,*,80.1,79.1,*,76,75,*,21.3,19.3,*,17,15.6,*,1063425,1051928,*,48.4,48.3,*,51.6,51.7,*,225994,207529,*,44.8,43.5,*,55.2,56.5,*,Race,1328217,1329222,c,98.1,98.3,*,Race Distribution,1.9,1.7,*,98.1,98.3,*,95.1,95.4,*,1.1,1.1,,0.6,0.5,*,0,(X),,0,(X),,0,(X),,0,(X),,1.1,1,*,0.1,(X),,0.2,(X),,0.2,(X),,0,(X),,0.1,(X),,0.2,(X),,0.2,(X),,0,0,*,N,(X),,N,(X),,N,(X),,N,(X),,0.2,0.3,,1.9,1.7,*,0.4,0.3,*,1,0.9,,0.3,0.3,,0,0,,1328217,1329222,c,96.9,97,,1.6,1.5,*,1.7,1.5,*,1.5,1.3,*,0.1,0.1,,0.3,0.4,,Hispanic or Latino,1328217,1329222,c,Hispanic or Latino,1.4,1.3,*,0.4,0.4,,0.4,0.4,,0,0.1,,0.5,0.5,,98.6,98.7,*,94.1,94.6,*,1,1,,0.6,0.5,*,1.1,1,*,0,0,*,0.1,0,,1.8,1.5,*,0,0,,1.8,1.5,*,722760,719278,*
Maryland,Maryland,24,State,Sex and Age,5884640,Male vs Female Percent,5733779,c,48.4,48.4,*,51.6,51.6,*,Age Distribution,6.2,6.4,*,6.3,6.3,,6.4,6.7,*,6.7,7.2,*,6.9,6.8,*,13.6,13.1,*,13.2,14.2,*,15.2,15.6,*,6.7,6.5,*,5.8,5.4,*,7.3,6.6,*,3.8,3.9,*,1.8,1.6,*,38.1,37.8,*,77.1,76.4,*,73,72.1,*,16.3,15,*,13,12.1,*,4538176,4378549,*,47.7,47.5,*,52.3,52.5,*,762251,693871,*,42.8,42.2,*,57.2,57.8,*,Race,5884640,5733779,c,97.1,97.6,*,Race Distribution,2.9,2.4,*,97.1,97.6,*,58,59.3,*,29.5,29.3,*,0.3,0.3,,0,(X),,0,(X),,0,(X),,0,(X),,5.8,5.5,*,1.3,(X),,1.3,(X),,0.9,(X),,0.1,(X),,0.8,(X),,0.4,(X),,0.9,(X),,0,0,,0,(X),,0,(X),,0,(X),,0,(X),,3.5,3,*,2.9,2.4,*,1,0.7,*,0.3,0.3,,0.6,0.5,*,0.2,0.2,*,5884640,5733779,c,60.3,61.3,*,31.1,30.7,*,1,1,,6.8,6.2,*,0.1,0.1,*,3.9,3.4,*,Hispanic or Latino,5884640,5733779,c,Hispanic or Latino,8.7,7.9,*,1.6,1.5,,0.8,0.7,,0.2,0.2,*,6.1,5.5,*,91.3,92.1,*,53.7,55.1,*,29,29,,0.2,0.2,,5.8,5.5,*,0,0,,0.2,0.3,,2.3,2,*,0.1,0.1,,2.2,1.9,*,2394924,2370687,*
Massachusetts,Massachusetts,25,State,Sex and Age,6648138,Male vs Female Percent,6514611,c,48.4,48.4,*,51.6,51.6,*,Age Distribution,5.5,5.6,*,5.7,6,*,6,6.2,*,7,7.1,*,7.2,7.2,,13.4,12.8,*,12.8,14,*,15.1,15.4,*,7,6.4,*,5.8,5.6,*,7.6,6.8,*,4.4,4.7,*,2.3,2.1,*,39.3,38.9,*,78.9,78.1,*,74.1,73.5,*,17.8,16.8,*,14.4,13.7,*,5247424,5090895,*,47.7,47.6,*,52.3,52.4,*,956987,891336,*,42.3,41.5,*,57.7,58.5,*,Race,6648138,6514611,c,97.2,97.5,*,Race Distribution,2.8,2.5,*,97.2,97.5,*,80,81.4,*,7,6.7,*,0.2,0.2,,0,(X),,0,(X),,0,(X),,0,(X),,5.7,5.3,*,1.2,(X),,2.1,(X),,0.2,(X),,0.2,(X),,0.4,(X),,0.7,(X),,1,(X),,0,0,,0,(X),,0,(X),,0,(X),,0,(X),,4.2,3.9,*,2.8,2.5,*,1.1,1,*,0.3,0.3,,0.5,0.4,*,0.1,0.1,,6648138,6514611,c,82.4,83.5,*,8.6,8.1,*,0.7,0.7,,6.5,5.9,*,0.1,0.1,*,4.8,4.4,*,Hispanic or Latino,6648138,6514611,c,Hispanic or Latino,10.2,9.3,*,0.6,0.6,,4.3,4,*,0.2,0.2,,5.2,4.6,*,89.8,90.7,*,75.1,76.8,*,6.3,6.2,*,0.1,0.1,,5.7,5.3,*,0,0,,0.6,0.6,,1.9,1.6,*,0.3,0.2,*,1.6,1.4,*,2810864,2800305,*
Michigan,Michigan,26,State,Sex and Age,9884242,Male vs Female Percent,9908690,c,49.1,49.1,,50.9,50.9,,Age Distribution,5.8,6.1,*,6.3,6.5,*,6.6,6.9,*,7.1,7.6,*,7.2,6.7,*,11.9,11.8,*,12.4,13.3,*,14.7,15.3,*,7.2,6.8,*,6.2,5.5,*,8,7.2,*,4.5,4.5,,2,1.9,*,39.4,38.5,*,77,76,*,72.5,71.3,*,18.1,16.6,*,14.6,13.5,*,7613731,7533733,*,48.4,48.4,*,51.6,51.6,*,1438341,1342202,*,43.7,43,*,56.3,57,*,Race,9884242,9908690,c,97.4,97.8,*,Race Distribution,2.6,2.2,*,97.4,97.8,*,79.3,79.4,*,14,14,,0.6,0.6,,0,(X),,0.2,(X),,0,(X),,0,(X),,2.6,2.5,*,0.8,(X),,0.5,(X),,0.3,(X),,0.1,(X),,0.3,(X),,0.2,(X),,0.4,(X),,0,0,,0,(X),,0,(X),,0,(X),,0,(X),,1,1.3,*,2.6,2.2,*,0.9,0.8,*,0.6,0.6,*,0.4,0.3,*,0.1,0.1,,9884242,9908690,c,81.6,81.4,*,15.3,15.1,*,1.5,1.4,*,3.1,2.9,*,0.1,0.1,*,1.3,1.6,*,Hispanic or Latino,9884242,9908690,c,Hispanic or Latino,4.6,4.4,*,3.4,3.3,*,0.4,0.4,*,0.1,0.1,,0.7,0.6,*,95.4,95.6,*,76.1,76.7,*,13.8,13.9,,0.5,0.5,,2.6,2.4,*,0,0,,0.1,0.1,,2.2,1.9,*,0.1,0.1,,2.2,1.9,*,4526207,4535052,*
Minnesota,Minnesota,27,State,Sex and Age,5382376,Male vs Female Percent,5279601,c,49.7,49.7,,50.3,50.3,,Age Distribution,6.5,6.7,*,6.7,6.6,*,6.6,6.7,*,6.8,7.1,*,6.6,6.7,*,13.7,13.4,*,12.4,13.2,*,14.6,15.3,*,6.9,6.4,*,5.8,5.1,*,7.3,6.5,*,4.3,4.3,,2,1.9,*,37.6,37.3,*,76.2,75.7,*,72.1,71.5,*,16.8,15.6,*,13.5,12.7,*,4103472,3998401,*,49.2,49.2,*,50.8,50.8,*,728254,672712,*,44.1,43.5,*,55.9,56.5,*,Race,5382376,5279601,c,97.4,97.8,*,Race Distribution,2.6,2.2,*,97.4,97.8,*,85.2,86.4,*,5.4,5,*,1.1,1.1,,0,(X),,0.6,(X),,0,(X),,0.1,(X),,4.3,4,*,0.6,(X),,0.5,(X),,0.2,(X),,0.1,(X),,0.3,(X),,0.5,(X),,2.1,(X),,0,0,,0,(X),,0,(X),,0,(X),,0,(X),,1.5,1.3,*,2.6,2.2,*,0.9,0.7,*,0.6,0.5,*,0.5,0.4,*,0.1,0.1,,5382376,5279601,c,87.6,88.4,*,6.5,6,*,1.9,1.8,*,5,4.5,*,0.1,0.1,,1.7,1.5,*,Hispanic or Latino,5382376,5279601,c,Hispanic or Latino,4.9,4.6,*,3.4,3.3,*,0.2,0.2,,0.1,0.1,*,1.1,1,*,95.1,95.4,*,82.2,83.4,*,5.3,5,*,1,1,,4.2,4,*,0,0,,0.1,0.1,,2.3,1.9,*,0.1,0.1,,2.2,1.8,*,2360533,2341730,*
Mississippi,Mississippi,28,State,Sex and Age,2985181,Male vs Female Percent,2958873,c,48.6,48.5,,51.4,51.5,,Age Distribution,6.8,7.1,*,6.9,7,,7.1,7,,7.3,7.7,*,7.4,7.2,*,12.8,12.8,,12.6,12.9,*,13.5,14,*,6.5,6.2,*,5.7,5.3,*,7.7,7.1,*,4.2,4.1,*,1.6,1.5,,36.4,35.9,*,75.1,74.3,*,70.2,69.5,*,16.9,15.6,*,13.5,12.7,*,2242231,2199726,*,47.8,47.7,,52.2,52.3,,402285,375694,*,42.7,41.7,*,57.3,58.3,*,Race,2985181,2958873,c,98.9,98.9,,Race Distribution,1.1,1.1,,98.9,98.9,,59.4,59.7,*,37.4,37,*,0.4,0.5,,0,(X),,0,(X),,0,(X),,0,(X),,0.9,0.9,*,0.2,(X),,0.2,(X),,0.1,(X),,0,(X),,0.1,(X),,0.2,(X),,0.1,(X),,0,0,,N,(X),,N,(X),,N,(X),,N,(X),,0.8,0.8,,1.1,1.1,,0.4,0.4,,0.3,0.4,*,0.1,0.1,,0.1,0.1,,2985181,2958873,c,60.3,60.7,*,38,37.6,*,0.8,0.9,*,1.1,1,*,0,0,,0.9,0.9,,Hispanic or Latino,2985181,2958873,c,Hispanic or Latino,2.8,2.5,*,1.8,1.6,*,0.3,0.2,,0.1,0.1,,0.6,0.6,,97.2,97.5,*,57.6,58.3,*,37.3,36.9,*,0.4,0.4,*,0.9,0.9,,0,0,,0.1,0.1,,1,0.9,,0,0,,0.9,0.9,,1280484,1269249,*
Missouri,Missouri,29,State,Sex and Age,6026255,Male vs Female Percent,5960413,c,49,48.9,*,51,51.1,*,Age Distribution,6.3,6.5,*,6.5,6.5,,6.6,6.7,*,6.7,7.2,*,7.1,6.9,*,13.2,12.8,*,12.2,12.8,*,14.2,14.9,*,6.8,6.4,*,5.9,5.4,*,8,7.4,*,4.6,4.6,,2,1.9,*,38.1,37.7,*,76.7,76.1,*,72.4,71.6,*,18.1,16.9,*,14.6,13.9,*,4620976,4535094,*,48.4,48.2,*,51.6,51.8,*,880821,827496,*,43.5,42.9,*,56.5,57.1,*,Race,6026255,5960413,c,97.6,97.8,*,Race Distribution,2.4,2.2,*,97.6,97.8,*,82.9,83.3,*,11.4,11.5,*,0.4,0.4,,0.1,(X),,0,(X),,0,(X),,0,(X),,1.7,1.6,*,0.4,(X),,0.4,(X),,0.2,(X),,0,(X),,0.2,(X),,0.2,(X),,0.2,(X),,0.1,0.1,*,0,(X),,0,(X),,0,(X),,0,(X),,1.1,1,*,2.4,2.2,*,0.8,0.6,*,0.7,0.8,*,0.4,0.3,*,0.1,0.1,*,6026255,5960413,c,85,85.3,*,12.5,12.4,*,1.3,1.4,,2.2,2,*,0.2,0.1,*,1.3,1.1,*,Hispanic or Latino,6026255,5960413,c,Hispanic or Latino,3.7,3.5,*,2.6,2.5,*,0.2,0.2,*,0.1,0.1,,0.8,0.7,*,96.3,96.5,*,80.5,81.1,*,11.4,11.5,*,0.4,0.3,*,1.7,1.6,*,0.1,0.1,*,0.1,0.1,,2.1,1.9,*,0,0,,2.1,1.8,*,2716497,2705020,*
Montana,Montana,30,State,Sex and Age,1006086,Male vs Female Percent,983763,c,50.2,50.1,*,49.8,49.9,*,Age Distribution,6,6.2,*,6.5,6.2,*,5.9,6.3,*,6.5,7.2,*,7.1,6.6,*,12.5,12.1,*,11.3,11.6,*,13.8,15.4,*,7.9,7.5,*,6.8,6.2,*,8.8,7.9,*,4.8,4.8,,2.1,1.9,*,39.8,39.9,,77.8,77.3,*,73.5,72.7,*,19.5,18,*,15.7,14.6,*,783072,760277,*,49.9,49.7,*,50.1,50.3,*,157713,143663,*,47,46.1,*,53,53.9,*,Race,1006086,983763,c,97.5,97.7,,Race Distribution,2.5,2.3,,97.5,97.7,,89.2,89.9,*,0.4,0.4,,6.5,6.2,*,0.1,(X),,0.3,(X),,0,(X),,0.5,(X),,0.7,0.6,*,0.1,(X),,0.2,(X),,0.1,(X),,0.1,(X),,0.1,(X),,0,(X),,0.1,(X),,0.1,0,,0,(X),,0,(X),,0,(X),,0,(X),,0.5,0.6,,2.5,2.3,,0.3,0.3,,1.4,1.4,,0.3,0.3,,0,0,*,1006086,983763,c,91.6,92.1,*,0.9,0.7,*,8.1,7.8,*,1.2,1,*,0.2,0.1,*,0.7,0.7,,Hispanic or Latino,1006086,983763,c,Hispanic or Latino,3.2,2.8,*,2.2,2.1,*,0.2,0.1,*,0,0.1,,0.7,0.6,,96.8,97.2,*,87.2,88,*,0.4,0.4,,6.3,6.1,*,0.7,0.6,*,0.1,0,,0,0.1,,2.2,2.1,,0,0,,2.2,2,,484889,478507,*
Nebraska,Nebraska,31,State,Sex and Age,1855209,Male vs Female Percent,1813164,c,49.7,49.6,,50.3,50.4,,Age Distribution,7,7.2,*,7.1,6.9,*,6.8,6.8,,7,7.2,*,7.1,7.1,,13.5,13.2,*,12,12.4,*,13.4,14.3,*,6.5,6.3,*,5.7,5.1,*,7.1,6.7,*,4.6,4.7,*,2.2,2.1,,36.2,36.4,*,75.1,74.9,*,70.6,70.4,*,17,16.2,*,13.8,13.5,*,1392928,1358219,*,49.1,49.1,,50.9,50.9,,256607,244283,*,43.7,42.9,*,56.3,57.1,*,Race,1855209,1813164,c,97.8,97.8,,Race Distribution,2.2,2.2,,97.8,97.8,,88.3,88.3,,4.6,4.4,*,0.8,0.9,,0,(X),,0,(X),,0,(X),,0.2,(X),,1.9,1.7,*,0.3,(X),,0.3,(X),,0.1,(X),,0.1,(X),,0.1,(X),,0.5,(X),,0.5,(X),,0.1,0.1,,0,(X),,0,(X),,0,(X),,0,(X),,2.1,2.4,*,2.2,2.2,,0.7,0.6,*,0.5,0.6,,0.4,0.3,*,0.1,0.2,*,1855209,1813164,c,90.2,90.2,,5.5,5.4,*,1.6,1.8,*,2.4,2.1,*,0.2,0.1,*,2.4,2.8,*,Hispanic or Latino,1855209,1813164,c,Hispanic or Latino,9.7,8.8,*,7.4,7,*,0.2,0.2,,0.2,0.1,*,1.9,1.6,*,90.3,91.2,*,81.3,82.6,*,4.5,4.4,*,0.7,0.7,,1.9,1.7,*,0.1,0.1,,0.1,0.1,,1.8,1.7,,0,0.1,*,1.7,1.7,,803530,793739,*
Nevada,Nevada,32,State,Sex and Age,2754148,Male vs Female Percent,2680981,c,50.4,50.6,*,49.6,49.4,*,Age Distribution,6.6,7.1,*,6.9,6.9,,6.5,6.7,*,6.4,6.8,*,6.8,6.6,*,14.2,14.4,*,13.8,14.4,*,13.7,13.9,*,6.3,5.9,*,5.7,5.6,,8.1,7.1,*,3.7,3.5,*,1.3,1.1,*,36.9,36.1,*,76,75.2,*,72.3,71.2,*,16.5,14.9,*,13.1,11.7,*,2093757,2016176,*,50.2,50.3,*,49.8,49.7,*,360670,314872,*,47.2,47.3,*,52.8,52.7,*,Race,2754148,2680981,c,95.9,96.4,*,Race Distribution,4.1,3.6,*,95.9,96.4,*,69.9,74.5,*,8.3,8,*,1.1,1,,0,(X),,0,(X),,0.1,(X),,0,(X),,7.5,7.2,*,0.4,(X),,1.1,(X),,3.8,(X),,0.4,(X),,0.5,(X),,0.5,(X),,0.8,(X),,0.6,0.6,,0.2,(X),,0.1,(X),,0.1,(X),,0.1,(X),,8.5,5.1,*,4.1,3.6,*,0.8,0.7,*,0.5,0.6,,1,0.8,*,0.1,0.1,,2754148,2680981,c,73.1,77.5,*,9.6,9,*,1.9,1.9,,9.4,8.6,*,1.3,1.2,,9.2,5.7,*,Hispanic or Latino,2754148,2680981,c,Hispanic or Latino,27.2,26.2,c,21,20.6,*,0.8,0.7,,0.8,0.8,,4.6,4.1,*,72.8,73.8,c,52.8,54.7,*,8,7.8,*,0.9,0.9,,7.4,7.1,*,0.6,0.6,,0.1,0.2,*,3,2.6,*,0.1,0.1,,2.9,2.5,*,1182122,1164804,*
New Hampshire,New Hampshire,33,State,Sex and Age,1321050,Male vs Female Percent,1316255,c,49.3,49.4,,50.7,50.6,,Age Distribution,5,5.4,*,5.7,5.9,,6.1,6.6,*,7,7.3,*,6.5,6.4,*,11.2,10.9,*,12.7,14.1,*,16.7,17.1,*,7.7,7.1,*,6.7,6,*,8.3,7.1,*,4.5,4.3,,1.9,1.8,*,41.9,40.8,*,79.1,77.9,*,74.5,73.3,*,18.6,16.6,*,14.6,13.3,*,1045297,1024945,*,48.9,48.8,*,51.1,51.2,*,193450,174729,*,44.8,44,*,55.2,56,*,Race,1321050,1316255,c,98.2,98.5,*,Race Distribution,1.8,1.5,*,98.2,98.5,*,93.8,94.3,*,1.2,1.1,*,0.2,0.2,,N,(X),,N,(X),,N,(X),,N,(X),,2.3,2.1,*,0.6,(X),,0.5,(X),,0.2,(X),,0.1,(X),,0.2,(X),,0.2,(X),,0.5,(X),,0,0,,N,(X),,N,(X),,N,(X),,N,(X),,0.6,0.8,,1.8,1.5,*,0.5,0.3,*,0.5,0.5,*,0.5,0.3,*,0,0,,1321050,1316255,c,95.6,95.7,,1.8,1.6,*,0.8,0.8,,2.8,2.5,*,0.1,0.1,,0.8,0.9,,MODULE_HISPANIC,1321050,1316255,c,HISPANIC_CDP,3,2.8,c,0.9,0.7,*,0.9,0.9,,0.1,0.1,,1.2,1.1,,97,97.2,c,91.7,92.4,*,1.1,1.1,,0.2,0.2,,2.3,2.1,*,0,0,,0.2,0.1,,1.6,1.3,*,0.1,0.1,,1.5,1.2,*,616128,612228,*
New Jersey,New Jersey,34,State,Sex and Age,8867909,Male vs Female Percent,8756104,c,48.8,48.7,*,51.2,51.3,*,Age Distribution,6,6.2,*,6.3,6.5,*,6.6,6.7,*,6.6,6.9,*,6.3,6.1,*,12.8,12.6,*,13.5,14.4,*,15.4,15.6,*,6.8,6.3,*,5.7,5.3,*,7.5,6.9,*,4.4,4.6,*,2.1,2,*,39.3,38.7,*,77,76.4,*,73.1,72.5,*,17.4,16.4,*,14.1,13.4,*,6832503,6685927,*,48.1,47.9,*,51.9,52.1,*,1247152,1173130,*,42.1,41.5,*,57.9,58.5,*,Race,8867909,8756104,c,97.5,97.8,*,Race Distribution,2.5,2.2,*,97.5,97.8,*,68.7,69.9,*,13.5,13.5,,0.2,0.2,,0,(X),,0,(X),,0,(X),,0,(X),,8.8,8.2,*,3.6,(X),,1.6,(X),,1.3,(X),,0.2,(X),,1,(X),,0.3,(X),,0.7,(X),,0,0,,0,(X),,0,(X),,0,(X),,0,(X),,6.2,5.9,*,2.5,2.2,*,0.8,0.7,,0.2,0.3,*,0.5,0.4,*,0.1,0.1,*,8867909,8756104,c,70.7,71.7,*,14.8,14.6,*,0.7,0.7,,9.5,8.8,*,0.1,0.1,*,6.9,6.5,*,Hispanic or Latino,8867909,8756104,c,Hispanic or Latino,18.6,17.3,c,2.5,2.4,,5.2,4.9,*,1,1,,9.8,8.9,*,81.4,82.7,c,57.9,59.9,*,12.7,12.9,*,0.1,0.1,,8.7,8.1,*,0,0,,0.5,0.4,*,1.5,1.3,*,0.1,0.1,,1.4,1.2,*,3570581,3546249,*
New Mexico,New Mexico,35,State,Sex and Age,2082250,Male vs Female Percent,2037799,c,49.6,49.3,*,50.4,50.7,*,Age Distribution,6.7,7.1,*,6.9,7,,6.9,6.9,,7,7.4,*,7.3,7,*,13.1,12.8,*,11.9,12.3,*,13.3,14.2,*,6.7,6.4,*,6.1,5.8,*,8.2,7.4,*,4.3,4.2,*,1.7,1.5,*,36.8,36.5,*,75.4,74.7,*,71,70.1,*,17.6,16.3,*,14.1,13.1,*,1571017,1521273,*,49.1,48.8,*,50.9,51.2,*,294389,266398,*,45.5,44.9,*,54.5,55.1,*,Race,2082250,2037799,c,96.8,97,,Race Distribution,3.2,3,,96.8,97,,72.9,73,,2.1,2,,9.1,9.4,*,0.1,(X),,0,(X),,5.4,(X),,0,(X),,1.3,1.3,,0.2,(X),,0.3,(X),,0.2,(X),,0.1,(X),,0.1,(X),,0.2,(X),,0.2,(X),,0.1,0,*,0,(X),,0,(X),,0,(X),,0,(X),,11.3,11.2,,3.2,3,,0.4,0.4,,0.9,0.9,,0.4,0.3,,0.1,0.1,,2082250,2037799,c,75.6,75.7,,2.8,2.6,*,10.4,10.6,*,2,1.8,*,0.2,0.1,*,12.4,12.3,,Hispanic or Latino,2082250,2037799,c,Hispanic or Latino,47,45.9,*,29.9,27.9,*,0.4,0.3,,0.3,0.2,,16.5,17.4,*,53,54.1,*,39.7,40.9,*,1.8,1.8,,8.5,8.7,*,1.3,1.2,,0.1,0,,0.2,0.2,,1.6,1.4,*,0.1,0.1,,1.5,1.3,*,904189,896962,*
New York,New York,36,State,Sex and Age,19576660,Male vs Female Percent,19303930,c,48.5,48.4,*,51.5,51.6,*,Age Distribution,6,6,*,5.9,6,*,6.1,6.3,*,6.7,7.2,*,7.3,7.2,*,14.1,13.6,*,13,13.8,*,14.5,14.8,*,6.6,6.3,*,5.7,5.4,*,7.5,6.9,*,4.4,4.5,*,2.1,2,*,38.1,37.9,*,78.2,77.5,*,73.8,72.9,*,17.4,16.4,*,14.1,13.4,*,15312288,14958308,*,47.8,47.6,*,52.2,52.4,*,2753291,2590934,*,41.9,41.3,*,58.1,58.7,*,Race,19576660,19303930,c,97.2,97.8,*,Race Distribution,2.8,2.2,*,97.2,97.8,*,65,66.5,*,15.6,15.7,,0.4,0.4,,0,(X),,0,(X),,0,(X),,0,(X),,7.7,7.4,*,1.7,(X),,3.2,(X),,0.5,(X),,0.2,(X),,0.7,(X),,0.1,(X),,1.2,(X),,0,0,,0,(X),,0,(X),,0,(X),,0,(X),,8.5,7.9,*,2.8,2.2,*,0.8,0.6,*,0.3,0.3,,0.5,0.4,*,0.1,0.1,,19576660,19303930,c,67.2,68.2,*,16.9,16.8,*,0.9,0.9,*,8.5,7.9,*,0.1,0.1,*,9.4,8.5,*,Hispanic or Latino,19576660,19303930,c,Hispanic or Latino,18.1,17.4,*,2.4,2.3,,5.7,5.8,,0.4,0.4,,9.7,9,*,81.9,82.6,*,57.4,58.7,*,14.4,14.5,*,0.2,0.2,,7.7,7.3,*,0,0,,0.5,0.5,*,1.7,1.4,*,0.2,0.1,*,1.5,1.3,*,8118921,8089555,*
North Carolina,North Carolina,37,State,Sex and Age,9749266,Male vs Female Percent,9440195,c,48.7,48.7,,51.3,51.3,,Age Distribution,6.3,6.7,*,6.6,6.7,,6.7,6.7,,6.7,7,*,7.1,6.9,*,12.9,13.1,*,13.5,14.2,*,14,14.3,*,6.5,6.2,*,5.8,5.5,*,8,7.2,*,4.2,4.1,*,1.6,1.5,*,37.8,37.2,*,76.6,76,*,72.1,71.5,*,17.2,15.9,*,13.8,12.8,*,7466097,7170725,*,48,47.9,*,52,52.1,*,1343084,1204788,*,43,42.3,*,57,57.7,*,Race,9749266,9440195,c,97.7,97.9,*,Race Distribution,2.3,2.1,*,97.7,97.9,*,69.8,69.7,,21.5,21.4,,1.2,1.1,*,0.2,(X),,0,(X),,0,(X),,0,(X),,2.3,2.2,*,0.7,(X),,0.4,(X),,0.2,(X),,0.1,(X),,0.2,(X),,0.3,(X),,0.5,(X),,0.1,0,*,0,(X),,0,(X),,0,(X),,0,(X),,2.9,3.6,*,2.3,2.1,*,0.8,0.6,*,0.4,0.4,,0.3,0.3,*,0.2,0.2,,9749266,9440195,c,71.7,71.3,*,22.7,22.5,*,1.9,1.9,*,2.8,2.5,*,0.1,0.1,*,3.2,3.9,*,Hispanic or Latino,9749266,9440195,c,Hispanic or Latino,8.7,8.1,*,5.3,5.1,*,0.8,0.7,*,0.2,0.2,*,2.4,2.2,*,91.3,91.9,*,64.6,65.6,*,21.2,21.2,,1.1,1.1,*,2.3,2.1,*,0.1,0,*,0.2,0.2,,1.9,1.7,*,0.1,0.1,,1.8,1.6,*,4368603,4298633,*
North Dakota,North Dakota,38,State,Sex and Age,703203,Male vs Female Percent,665681,c,50.9,50.6,*,49.1,49.4,*,Age Distribution,6.6,6.4,*,6.3,6.1,*,5.8,5.8,,6.9,7.3,*,9.2,8.8,*,14,13.1,*,11,11.4,*,13.2,14.6,*,6.8,6.6,,5.8,5.2,*,7.1,6.9,*,4.8,5.1,*,2.4,2.5,,35.9,37.4,*,77.7,77.7,*,72.3,72.6,*,17.5,17.5,,14.3,14.5,*,546094,517489,*,50.8,50.2,*,49.2,49.8,*,100701,96786,*,44.1,43.6,*,55.9,56.4,*,Race,703203,665681,c,98,98.4,*,Race Distribution,2,1.6,*,98,98.4,*,89.4,90.4,*,1.4,1.2,*,5.4,5.3,,0,(X),,2.2,(X),,0,(X),,1.6,(X),,1.1,1,,0.2,(X),,0.2,(X),,0.1,(X),,0,(X),,0.1,(X),,0.2,(X),,0.2,(X),,0,0,,0,(X),,0,(X),,0,(X),,0,(X),,0.7,0.5,*,2,1.6,*,0.5,0.3,*,0.9,0.8,,0.3,0.2,,0,0.1,,703203,665681,c,91.3,91.8,*,1.9,1.5,*,6.5,6.3,,1.4,1.3,*,0.2,0.1,,0.8,0.6,*,Hispanic or Latino,703203,665681,c,Hispanic or Latino,2.5,2,*,2,1.5,*,0.2,0.1,,0,0,*,0.4,0.3,,97.5,98,*,87.9,89.2,*,1.3,1.1,*,5.3,5.2,,1.1,1,,0,0,,0,0.1,,1.8,1.4,*,0,0,,1.8,1.4,*,329970,315369,*
Ohio,Ohio,39,State,Sex and Age,11557868,Male vs Female Percent,11526823,c,48.9,48.8,*,51.1,51.2,*,Age Distribution,6,6.3,*,6.4,6.6,*,6.6,6.7,*,6.9,7.2,*,6.8,6.5,*,12.4,12.3,*,12.4,13.1,*,14.5,15.1,*,7.1,6.7,*,6.2,5.6,*,8,7.3,*,4.6,4.7,*,2.1,2,*,39.2,38.6,*,76.9,76.2,*,72.6,71.8,*,18.3,17,*,14.7,13.9,*,8887940,8780364,*,48.2,48.1,*,51.8,51.9,*,1701086,1607201,*,42.9,42.1,*,57.1,57.9,*,Race,11557868,11526823,c,97.6,98,*,Race Distribution,2.4,2,*,97.6,98,*,82.7,83.3,*,12.1,12.1,,0.2,0.2,,0,(X),,0,(X),,0,(X),,0,(X),,1.8,1.7,*,0.6,(X),,0.4,(X),,0.1,(X),,0.1,(X),,0.1,(X),,0.1,(X),,0.3,(X),,0,0,*,0,(X),,0,(X),,0,(X),,0,(X),,0.8,0.7,*,2.4,2,*,1.1,0.9,*,0.4,0.4,,0.3,0.2,*,0.1,0.1,*,11557868,11526823,c,84.8,85.1,*,13.6,13.3,*,0.8,0.8,*,2.2,2,*,0.1,0.1,*,1,0.9,*,Hispanic or Latino,11557868,11526823,c,Hispanic or Latino,3.3,3,*,1.6,1.5,*,0.9,0.8,*,0.1,0.1,,0.7,0.6,,96.7,97,*,80.6,81.3,*,12,12,,0.1,0.1,,1.8,1.6,*,0,0,,0.1,0.1,,2.1,1.7,*,0.1,0,,2.1,1.7,*,5124040,5122449,*
Oklahoma,Oklahoma,40,State,Sex and Age,3817296,Male vs Female Percent,3716087,c,49.5,49.5,,50.5,50.5,,Age Distribution,6.9,7,*,6.9,6.9,,6.8,6.7,*,6.8,7.2,*,7.4,7.2,*,13.6,13.3,*,12.2,12.5,*,13.2,14.1,*,6.5,6.3,*,5.6,5.3,*,7.9,7.4,*,4.4,4.4,,1.7,1.7,,36.2,36.3,,75.4,75.2,*,71,70.7,*,17.3,16.4,*,14,13.5,*,2876666,2793989,*,48.9,48.9,*,51.1,51.1,*,533390,500376,*,44.1,43.5,*,55.9,56.5,*,Race,3817296,3716087,c,92.3,92.5,,Race Distribution,7.7,7.5,,92.3,92.5,,73.4,74,*,7.2,7.2,,7.2,6.9,*,2.7,(X),,0,(X),,0,(X),,0,(X),,1.8,1.7,*,0.3,(X),,0.3,(X),,0.1,(X),,0.1,(X),,0.2,(X),,0.5,(X),,0.4,(X),,0.1,0.1,,0,(X),,0,(X),,0,(X),,0.1,(X),,2.5,2.5,,7.7,7.5,,0.8,0.7,*,5.2,5.4,*,0.4,0.3,,0.5,0.4,*,3817296,3716087,c,80.5,81,*,8.9,8.6,*,13.3,13,*,2.4,2.2,*,0.2,0.2,,2.9,2.9,,Hispanic or Latino,3817296,3716087,c,Hispanic or Latino,9.4,8.6,*,7.8,7.1,*,0.3,0.3,*,0.1,0.1,,1.1,1.2,,90.6,91.4,*,67.8,69.1,*,7.1,7.1,,6.9,6.6,*,1.8,1.7,*,0.1,0.1,,0.1,0.1,,6.8,6.7,,0,0,,6.8,6.7,,1675586,1657704,*
Oregon,Oregon,41,State,Sex and Age,3899266,Male vs Female Percent,3805432,c,49.5,49.5,,50.5,50.5,,Age Distribution,6,6.2,*,6.2,6.2,,6.2,6.4,*,6.4,6.8,*,6.8,6.7,*,13.6,13.6,,13,13.2,*,13.4,14.3,*,7.1,7,,6.6,6,*,8.5,7.4,*,4.3,4.3,,2.1,2,,38.9,38.2,*,77.9,77.2,*,73.9,73.1,*,18.7,17,*,14.9,13.7,*,3039369,2939345,*,49,49,,51,51,,580381,521984,*,45.1,44.4,*,54.9,55.6,*,Race,3899266,3805432,c,96.2,96.4,*,Race Distribution,3.8,3.6,*,96.2,96.4,*,85.2,85.5,,1.8,1.8,,1.2,1.5,*,0.1,(X),,0,(X),,0,(X),,0,(X),,3.9,3.6,*,0.4,(X),,0.9,(X),,0.4,(X),,0.3,(X),,0.5,(X),,0.7,(X),,0.6,(X),,0.4,0.4,,0.1,(X),,0,(X),,0.1,(X),,0.2,(X),,3.6,3.7,,3.8,3.6,*,0.5,0.5,,1.4,1.3,,0.9,0.8,,0.1,0,,3899266,3805432,c,88.7,88.8,,2.6,2.5,*,2.9,3.1,*,5.2,4.7,*,0.7,0.6,*,4.1,4.2,,Hispanic or Latino,3899266,3805432,c,Hispanic or Latino,12.1,11.5,*,10.4,9.7,*,0.3,0.2,,0.1,0.1,,1.4,1.5,,87.9,88.5,*,77.7,78.8,*,1.7,1.7,,1,1,,3.9,3.6,*,0.4,0.3,,0.2,0.1,,3.1,2.9,*,0.1,0.1,,3,2.8,*,1680478,1668814,*
Pennsylvania,Pennsylvania,42,State,Sex and Age,12759859,Male vs Female Percent,12662926,c,48.8,48.7,*,51.2,51.3,*,Age Distribution,5.6,5.8,*,5.9,6,*,6.1,6.2,*,6.8,7.3,*,6.9,6.8,*,12.4,11.8,*,12.2,13,*,14.7,15.3,*,7.2,6.8,*,6.2,5.7,*,8.3,7.6,*,5.2,5.4,*,2.5,2.4,*,40.4,39.9,*,78.5,77.8,*,74,73.2,*,19.6,18.5,*,16,15.4,*,10022214,9855678,*,48.2,48,*,51.8,52,*,2037666,1946647,*,42.5,41.7,*,57.5,58.3,*,Race,12759859,12662926,c,98,98.3,*,Race Distribution,2,1.7,*,98,98.3,*,81.9,82.8,*,10.9,10.8,*,0.2,0.1,*,0,(X),,0,(X),,0,(X),,0,(X),,2.9,2.7,*,0.9,(X),,0.7,(X),,0.2,(X),,0.1,(X),,0.3,(X),,0.3,(X),,0.4,(X),,0,0,,0,(X),,0,(X),,0,(X),,0,(X),,2,1.9,*,2,1.7,*,0.8,0.7,*,0.3,0.3,,0.3,0.2,*,0.1,0.1,,12759859,12662926,c,83.7,84.2,*,12.1,11.7,*,0.6,0.6,*,3.4,3,*,0.1,0.1,*,2.3,2.2,*,Hispanic or Latino,12759859,12662926,c,Hispanic or Latino,6.1,5.5,*,1.1,1,*,3.2,2.9,*,0.2,0.1,,1.7,1.4,*,93.9,94.5,*,78.6,79.8,*,10.5,10.4,*,0.1,0.1,,2.9,2.7,*,0,0,*,0.1,0.2,*,1.6,1.3,*,0.1,0.1,,1.5,1.3,*,5566494,5558024,*
Rhode Island,Rhode Island,44,State,Sex and Age,1050722,Male vs Female Percent,1053846,c,48.4,48.2,*,51.6,51.8,*,Age Distribution,5.2,5.5,*,5.5,5.7,,6.1,6.2,,7.3,7.7,*,7.9,7.7,*,12.5,12.1,*,12.3,13.4,*,15,15.4,*,7.1,6.6,*,6,5.4,*,7.7,6.9,*,4.6,5,*,2.7,2.5,*,39.7,39.2,*,79.4,78.5,*,74.1,73,*,18.5,17.3,*,15,14.3,*,834081,827256,*,47.7,47.5,*,52.3,52.5,*,158052,151218,*,41.9,40.9,*,58.1,59.1,*,Race,1050722,1053846,c,97.3,97.7,*,Race Distribution,2.7,2.3,*,97.3,97.7,*,81.2,81.9,*,6.4,6,*,0.5,0.4,,N,(X),,N,(X),,N,(X),,N,(X),,3.1,3,*,0.5,(X),,0.8,(X),,0.3,(X),,0.1,(X),,0.1,(X),,0.2,(X),,1.2,(X),,0,0,,N,(X),,N,(X),,N,(X),,N,(X),,6.1,6.2,,2.7,2.3,*,0.8,0.7,*,0.3,0.4,,0.4,0.3,*,0.2,0.1,,1050722,1053846,c,83.3,83.8,,7.9,7.2,*,1.2,1.2,,3.7,3.4,*,0.2,0.1,*,6.7,6.9,,Hispanic or Latino,1050722,1053846,c,Hispanic or Latino,13.2,12.1,c,0.9,1,,3.4,3.1,*,0.2,0.2,,8.7,7.9,*,86.8,87.9,c,75.2,76.9,*,5.2,5.2,,0.4,0.3,,3.1,3,*,0,0,,0.8,0.6,,2.1,1.7,*,0.3,0.3,,1.8,1.5,*,462218,462527,*
South Carolina,South Carolina,45,State,Sex and Age,4723923,Male vs Female Percent,4585057,c,48.6,48.7,,51.4,51.3,,Age Distribution,6.2,6.6,*,6.5,6.4,,6.3,6.5,*,6.7,7.2,*,7.4,7.1,*,12.8,12.7,,12.6,13.3,*,13.8,14.3,*,6.7,6.5,*,6.3,5.9,*,8.8,7.8,*,4.3,4.1,*,1.6,1.5,*,38.4,37.7,*,77.2,76.5,*,72.5,71.7,*,18.4,16.7,*,14.7,13.4,*,3645411,3507340,*,48,47.9,*,52,52.1,*,692492,615824,*,43.8,43,*,56.2,57,*,Race,4723923,4585057,c,98.1,98.3,*,Race Distribution,1.9,1.7,*,98.1,98.3,*,67.1,67.3,*,27.6,28,*,0.3,0.3,*,0.1,(X),,0,(X),,0,(X),,0,(X),,1.3,1.2,*,0.3,(X),,0.3,(X),,0.2,(X),,0.1,(X),,0.1,(X),,0.1,(X),,0.2,(X),,0,0,,0,(X),,0,(X),,0,(X),,0,(X),,1.6,1.6,,1.9,1.7,*,0.8,0.6,*,0.4,0.4,,0.2,0.2,,0.1,0.1,,4723923,4585057,c,68.8,68.7,,28.7,28.9,*,0.9,0.8,*,1.7,1.5,*,0.1,0.1,*,1.8,1.7,,Hispanic or Latino,4723923,4585057,c,Hispanic or Latino,5.3,4.9,*,3,3,,0.7,0.6,*,0.1,0.1,,1.5,1.2,*,94.7,95.1,*,63.9,64.2,*,27.4,27.8,*,0.3,0.3,*,1.3,1.2,*,0,0,,0.1,0.1,,1.6,1.5,*,0,0,,1.6,1.4,*,2150430,2122568,*
South Dakota,South Dakota,46,State,Sex and Age,834236,Male vs Female Percent,807563,c,50.2,50,*,49.8,50,*,Age Distribution,7.1,7.1,,7.1,6.5,*,6.4,7,*,7,7.3,*,7.1,7,,13.1,12.6,*,11.4,11.8,*,13.4,14.6,*,6.8,6.6,,6,5.1,*,7.4,7,*,4.8,5,*,2.4,2.4,,36.8,37.3,*,75.4,75.2,*,70.9,70.5,*,17.9,17.3,*,14.6,14.3,*,628948,607227,*,49.9,49.5,*,50.1,50.5,*,121591,115849,*,44.6,43.7,*,55.4,56.3,*,Race,834236,807563,c,97.6,97.9,*,Race Distribution,2.4,2.1,*,97.6,97.9,*,85.3,86.4,*,1.5,1.2,*,8.8,8.6,,0,(X),,0.1,(X),,0,(X),,7.6,(X),,1.1,0.8,*,0.2,(X),,0.2,(X),,0.1,(X),,0,(X),,0.1,(X),,0.1,(X),,0.4,(X),,0,0,,N,(X),,N,(X),,N,(X),,N,(X),,0.9,0.8,,2.4,2.1,*,0.4,0.3,,1.4,1,*,0.2,0.2,,0.1,0.1,,834236,807563,c,87.6,88.3,*,2.1,1.7,*,10.3,9.9,*,1.3,1.1,*,0.1,0.1,,1,1.1,,Hispanic or Latino,834236,807563,c,Hispanic or Latino,3.1,2.6,*,2,1.8,*,0.2,0.2,,0.1,0,,0.9,0.6,*,96.9,97.4,*,83.7,85.1,*,1.5,1.2,*,8.5,8.5,,1.1,0.8,*,0,0,,0,0.1,,2.1,1.8,*,0,0.1,,2.1,1.7,*,367742,361475,*
Tennessee,Tennessee,47,State,Sex and Age,6449754,Male vs Female Percent,6303437,c,48.8,48.8,,51.2,51.2,,Age Distribution,6.2,6.5,*,6.4,6.5,*,6.6,6.7,,6.5,7,*,7.1,6.7,*,13,13,,13.1,13.8,*,14.1,14.6,*,6.7,6.4,*,6.1,5.7,*,8.3,7.5,*,4.3,4.2,*,1.6,1.5,*,38.3,37.8,*,76.9,76.3,*,72.8,72,*,17.8,16.4,*,14.2,13.3,*,4958577,4808899,*,48.1,48,*,51.9,52,*,915718,837153,*,43.5,42.8,*,56.5,57.2,*,Race,6449754,6303437,c,98.1,98.4,*,Race Distribution,1.9,1.6,*,98.1,98.4,*,78,78.7,*,16.8,16.6,*,0.3,0.2,*,0.1,(X),,0,(X),,0,(X),,0,(X),,1.5,1.4,*,0.4,(X),,0.2,(X),,0.1,(X),,0.1,(X),,0.2,(X),,0.2,(X),,0.3,(X),,0.1,0,,0,(X),,0,(X),,0,(X),,0,(X),,1.5,1.3,*,1.9,1.6,*,0.6,0.5,*,0.5,0.5,*,0.3,0.2,*,0.1,0.1,,6449754,6303437,c,79.7,80.2,*,17.6,17.4,*,1,0.9,*,1.9,1.7,*,0.1,0.1,*,1.7,1.5,*,Hispanic or Latino,6449754,6303437,c,Hispanic or Latino,4.8,4.4,*,3.2,2.9,*,0.4,0.3,,0.1,0.1,,1.1,1,,95.2,95.6,*,75,75.9,*,16.7,16.5,*,0.2,0.2,*,1.5,1.4,*,0,0,,0.1,0.1,,1.6,1.4,*,0,0.1,,1.6,1.4,*,2830769,2799641,*
Texas,Texas,48,State,Sex and Age,26049971,Male vs Female Percent,24789312,c,49.7,49.6,*,50.3,50.4,*,Age Distribution,7.4,7.8,*,7.6,7.6,,7.4,7.4,,7.2,7.6,*,7.4,7.3,*,14.4,14.3,*,13.6,13.9,*,13.2,13.7,*,5.8,5.5,*,4.9,4.6,*,6.3,5.8,*,3.3,3.3,*,1.3,1.2,*,33.9,33.5,*,73.2,72.6,*,68.7,68.1,*,13.8,12.8,*,10.9,10.3,*,19064410,18005439,*,49.2,49,*,50.8,51,*,2838015,2541189,*,44,43.5,*,56,56.5,*,Race,26049971,24789312,c,97.6,97.9,*,Race Distribution,2.4,2.1,*,97.6,97.9,*,74.8,73.6,*,11.9,11.8,*,0.5,0.5,,0.1,(X),,0,(X),,0,(X),,0,(X),,4,3.8,*,1.1,(X),,0.7,(X),,0.4,(X),,0.1,(X),,0.3,(X),,0.9,(X),,0.6,(X),,0.1,0.1,,0,(X),,0,(X),,0,(X),,0,(X),,6.3,8.1,*,2.4,2.1,*,0.5,0.4,*,0.5,0.5,*,0.4,0.3,*,0.1,0.1,,26049971,24789312,c,76.9,75.4,*,12.7,12.5,*,1.2,1.2,,4.7,4.3,*,0.2,0.1,*,6.9,8.8,*,Hispanic or Latino,26049971,24789312,c,Hispanic or Latino,38.2,37.2,*,33.4,32.7,*,0.6,0.5,,0.2,0.2,*,4,3.8,*,61.8,62.8,*,44.4,45.8,*,11.6,11.5,*,0.2,0.3,*,4,3.8,*,0.1,0.1,,0.1,0.2,*,1.5,1.2,*,0.1,0.1,,1.4,1.1,*,10151253,9888117,*
Utah,Utah,49,State,Sex and Age,2856839,Male vs Female Percent,2720974,c,50.3,50.3,,49.7,49.7,,Age Distribution,9,9.6,*,8.9,9,,8.5,8.2,*,7.8,8.1,*,8.4,8.4,,15.5,16.1,*,12.6,12,*,10.7,11.2,*,5,4.7,*,4.1,3.8,*,5.4,4.9,*,3,2.9,,1.1,1.1,*,29.9,29,*,68.9,68.6,*,64.3,63.6,*,11.9,11.1,*,9.5,8.9,*,1968094,1865688,*,49.8,49.7,*,50.2,50.3,*,271300,242946,*,45.7,45.3,*,54.3,54.7,*,Race,2856839,2720974,c,97.6,97.8,*,Race Distribution,2.4,2.2,*,97.6,97.8,*,87.9,89.6,*,1.1,1.1,,1.1,1.1,,0,(X),,0,(X),,0.6,(X),,0,(X),,2.1,2,*,0.2,(X),,0.5,(X),,0.2,(X),,0.2,(X),,0.2,(X),,0.3,(X),,0.5,(X),,0.9,0.9,,0.1,(X),,0,(X),,0.3,(X),,0.5,(X),,4.3,3.1,*,2.4,2.2,*,0.4,0.3,,0.4,0.5,,0.6,0.5,,0,0,,2856839,2720974,c,90.1,91.6,*,1.6,1.5,*,1.7,1.7,,3,2.7,*,1.4,1.3,,4.8,3.5,*,Hispanic or Latino,2856839,2720974,c,Hispanic or Latino,13.2,12.7,*,9.7,9.7,,0.3,0.2,,0.1,0.1,,3.2,2.7,*,86.8,87.3,*,79.8,80.7,*,1,1,,1,1,,2.1,2,*,0.9,0.9,,0.1,0.1,,1.8,1.6,*,0.1,0.1,,1.7,1.6,*,996674,970478,*
Vermont,Vermont,50,State,Sex and Age,626303,Male vs Female Percent,624976,c,49.3,49.3,,50.7,50.7,,Age Distribution,4.9,5.1,*,5.4,5.6,,5.8,6,,7.2,7.4,*,7.2,7.1,,11.3,11,*,11.9,12.9,*,15.5,16.5,*,8,7.7,*,7.1,6.2,*,8.9,7.7,*,4.7,4.7,,2,1.9,,42.2,41.5,*,80.1,79.1,*,74.9,73.8,*,19.8,17.7,*,15.7,14.3,*,501724,494368,*,48.8,48.7,,51.2,51.3,,98244,89447,*,45,44,*,55,56,*,Race,626303,624976,c,98,98.3,*,Race Distribution,2,1.7,*,98,98.3,*,95.1,95.4,*,1,1,,0.3,0.3,,N,(X),,N,(X),,N,(X),,N,(X),,1.3,1.2,,0.1,(X),,0.3,(X),,0.1,(X),,0,(X),,0.2,(X),,0.2,(X),,0.3,(X),,0,0,,N,(X),,N,(X),,N,(X),,N,(X),,0.3,0.4,*,2,1.7,*,0.4,0.4,,0.8,0.8,,0.5,0.3,*,0,0,,626303,624976,c,97,97.1,,1.5,1.4,*,1.3,1.1,*,1.8,1.6,*,0.1,0.1,,0.4,0.5,,Hispanic or Latino,626303,624976,c,Hispanic or Latino,1.6,1.5,*,0.4,0.5,,0.5,0.4,,0.1,0.1,,0.6,0.5,*,98.4,98.5,*,93.9,94.4,*,1,0.9,,0.3,0.2,,1.3,1.2,,0,0,,0.1,0.1,,1.8,1.6,*,0,0,,1.8,1.5,*,323548,321337,*
Virginia,Virginia,51,State,Sex and Age,8184299,Male vs Female Percent,7928022,c,49.1,49.1,*,50.9,50.9,*,Age Distribution,6.2,6.4,*,6.4,6.4,,6.3,6.5,*,6.7,7.1,*,7.2,7.1,*,13.9,13.5,*,13.4,14.2,*,14.7,15.2,*,6.6,6.3,*,5.8,5.5,*,7.5,6.7,*,3.8,3.8,,1.6,1.5,*,37.6,37.4,*,77.3,76.7,*,72.9,72.2,*,16.3,15.1,*,12.9,12,*,6324483,6082901,*,48.6,48.5,*,51.4,51.5,*,1059026,955133,*,43.6,43,*,56.4,57,*,Race,8184299,7928022,c,96.9,97.6,*,Race Distribution,3.1,2.4,*,96.9,97.6,*,69.3,69.7,*,19.3,19.6,*,0.3,0.3,*,0,(X),,0,(X),,0,(X),,0,(X),,5.7,5.4,*,1.4,(X),,0.8,(X),,0.9,(X),,0.1,(X),,0.9,(X),,0.7,(X),,1,(X),,0.1,0.1,,0,(X),,0,(X),,0,(X),,0,(X),,2.2,2.4,*,3.1,2.4,*,1,0.7,*,0.4,0.3,*,0.8,0.6,*,0.1,0.1,,8184299,7928022,c,72,71.8,,20.8,20.7,*,1,0.9,*,6.9,6.3,*,0.2,0.2,*,2.5,2.8,*,Hispanic or Latino,8184299,7928022,c,Hispanic or Latino,8.4,7.6,*,2.1,2,*,1,0.9,*,0.2,0.2,,5,4.5,*,91.6,92.4,*,63.9,65.2,*,19,19.3,*,0.2,0.2,*,5.7,5.4,*,0.1,0.1,,0.2,0.2,*,2.6,2,*,0.1,0.1,,2.5,1.9,*,3395522,3348398,*
Washington,Washington,53,State,Sex and Age,6896071,Male vs Female Percent,6658052,c,49.9,49.8,*,50.1,50.2,*,Age Distribution,6.4,6.5,*,6.3,6.4,*,6.5,6.6,*,6.5,7,*,7.1,6.9,*,14.1,13.8,*,13.2,13.8,*,13.9,14.8,*,6.7,6.7,,6.1,5.5,*,7.6,6.6,*,3.8,3.8,,1.8,1.7,*,37.4,37.2,*,76.9,76.4,*,72.9,72.1,*,16.7,15.1,*,13.1,12.1,*,5306117,5085254,*,49.5,49.4,*,50.5,50.6,*,906158,804879,*,45.1,44.5,*,54.9,55.5,*,Race,6896071,6658052,c,95.1,95.6,*,Race Distribution,4.9,4.4,*,95.1,95.6,*,78.2,79,*,3.6,3.5,*,1.4,1.4,*,0.1,(X),,0,(X),,0,(X),,0,(X),,7.5,7,*,1.1,(X),,1.5,(X),,1.3,(X),,0.5,(X),,0.9,(X),,1.1,(X),,1.1,(X),,0.6,0.6,*,0.1,(X),,0.1,(X),,0.2,(X),,0.2,(X),,3.8,4,*,4.9,4.4,*,0.9,0.8,*,1.2,1.1,*,1.3,1.2,*,0.1,0.1,,6896071,6658052,c,82.5,82.9,*,5,4.7,*,3,2.9,*,9.4,8.7,*,1.1,1,*,4.3,4.6,*,Hispanic or Latino,6896071,6658052,c,Hispanic or Latino,11.7,10.9,c,9.6,9,*,0.4,0.4,,0.1,0.1,,1.6,1.4,*,88.3,89.1,c,71.4,73,*,3.5,3.4,*,1.2,1.3,*,7.4,7,*,0.6,0.6,*,0.1,0.2,*,4.1,3.6,*,0.1,0.1,*,4,3.5,*,2912255,2868314,*
West Virginia,West Virginia,54,State,Sex and Age,1855392,Male vs Female Percent,1847352,c,49.3,49.2,*,50.7,50.8,*,Age Distribution,5.5,5.6,*,5.7,5.7,,5.9,6,,6.2,6.6,*,6.7,6.3,*,11.8,11.9,*,12.6,13,*,14.2,15,*,7.6,7.4,,7.1,6.5,*,9.4,8.7,*,5.3,5.4,,2,1.9,*,41.6,41.2,*,79.3,79,*,75.2,74.8,*,20.8,19.4,*,16.7,16,*,1471727,1459014,*,48.8,48.7,*,51.2,51.3,*,310715,295161,*,44.3,43.2,*,55.7,56.8,*,Race,1855392,1847352,c,98,98.3,*,Race Distribution,2,1.7,*,98,98.3,*,93.7,94,*,3.2,3.2,,0.1,0.2,,0.1,(X),,0,(X),,0,(X),,0,(X),,0.7,0.6,*,0.2,(X),,0.1,(X),,0.1,(X),,0,(X),,0.1,(X),,0.1,(X),,0.1,(X),,0,0,,0,(X),,0,(X),,0,(X),,0,(X),,0.3,0.2,,2,1.7,*,0.7,0.6,,0.9,0.8,*,0.2,0.1,*,0.1,0,*,1855392,1847352,c,95.5,95.7,*,4,4,,1.2,1.1,*,0.9,0.8,*,0.1,0.1,,0.3,0.3,,Hispanic or Latino,1855392,1847352,c,Hispanic or Latino,1.3,1.2,*,0.6,0.5,,0.2,0.2,,0,0.1,,0.5,0.4,,98.7,98.8,*,92.7,93.2,*,3.1,3.2,,0.1,0.1,,0.7,0.6,*,0,0,,0.1,0,*,1.9,1.6,*,0,0,,1.9,1.6,*,880266,881834,*
Wisconsin,Wisconsin,55,State,Sex and Age,5725352,Male vs Female Percent,5667100,c,49.6,49.6,,50.4,50.4,,Age Distribution,6.1,6.3,*,6.4,6.4,,6.5,6.7,*,6.8,7.1,*,6.8,6.8,,12.7,12.5,*,12.3,13.1,*,14.8,15.4,*,7.1,6.7,*,6,5.2,*,7.7,6.9,*,4.6,4.6,,2.1,2,*,38.9,38.4,*,77,76.3,*,72.7,72,*,17.9,16.4,*,14.4,13.5,*,4409608,4326576,*,49.2,49.1,*,50.8,50.9,*,822045,767450,*,44.1,43.2,*,55.9,56.8,*,Race,5725352,5667100,c,97.9,98.2,*,Race Distribution,2.1,1.8,*,97.9,98.2,*,86.8,87.5,*,6.3,6.2,*,0.9,0.9,,0,(X),,0.3,(X),,0,(X),,0,(X),,2.4,2.2,*,0.5,(X),,0.4,(X),,0.1,(X),,0,(X),,0.2,(X),,0.1,(X),,1.2,(X),,0,0,,0,(X),,0,(X),,0,(X),,0,(X),,1.6,1.4,*,2.1,1.8,*,0.7,0.6,*,0.5,0.5,,0.3,0.3,*,0.1,0.1,,5725352,5667100,c,88.7,89.1,*,7.2,7,*,1.6,1.5,,2.8,2.6,*,0.1,0.1,*,1.9,1.7,*,Hispanic or Latino,5725352,5667100,c,Hispanic or Latino,6.2,5.7,*,4.6,4.3,*,0.9,0.8,*,0.1,0.1,,0.7,0.6,,93.8,94.3,*,82.7,83.6,*,6.1,6.1,*,0.8,0.8,,2.4,2.2,*,0,0,,0.1,0.1,,1.7,1.5,*,0,0,,1.6,1.4,*,2630155,2612299,*
Wyoming,Wyoming,56,State,Sex and Age,575535,Male vs Female Percent,556787,c,51,50.9,,49,49.1,,Age Distribution,6.7,7.2,*,6.7,6.9,,6.8,6.2,*,6.4,7,*,7.3,7.3,,14,13.2,*,12,12,,13.5,15.2,*,7.6,7.3,,6.1,5.4,*,7.5,6.8,*,3.9,3.8,,1.6,1.6,,36.8,36.7,,76.1,75.6,*,71.9,71.2,*,16.5,15.2,*,12.9,12.3,*,438151,421190,*,50.8,50.7,,49.2,49.3,,74523,68327,*,46.9,46.3,*,53.1,53.7,*,Race,575535,556787,c,97.2,97.4,,Race Distribution,2.8,2.6,,97.2,97.4,,90.8,91.4,*,1,0.8,*,2.3,2.4,,0,(X),,0.1,(X),,0,(X),,0.2,(X),,0.9,0.7,*,0.1,(X),,0.2,(X),,0.2,(X),,0.1,(X),,0.1,(X),,0.1,(X),,0.1,(X),,0,0,,N,(X),,N,(X),,N,(X),,N,(X),,2.2,2.1,,2.8,2.6,,0.5,0.3,*,1.4,1.5,,0.3,0.3,,0,0,,575535,556787,c,93.4,93.9,*,1.7,1.1,*,3.9,3.9,,1.3,1,*,0.2,0.1,,2.6,2.6,,Hispanic or Latino,575535,556787,c,Hispanic or Latino,9.4,8.6,c,7,6.2,*,0.2,0.1,,0.1,0,,2.2,2.2,,90.6,91.4,c,84.7,86.1,*,1,0.7,*,1.9,2,,0.9,0.7,,0,0,*,0,0.1,,2,1.7,*,0,0.1,,2,1.6,*,264378,259344,*
Puerto Rico,Puerto Rico,72,State,Sex and Age,3651070,Male vs Female Percent,3741135,c,47.9,47.9,*,52.1,52.1,*,Age Distribution,5.7,6.1,c,6.1,6.4,*,6.9,7.5,*,7.4,7.7,*,7.3,7,*,12.8,13.3,*,12.9,13.1,*,13.1,13,*,6,5.8,*,6,5.9,*,9.2,8.2,*,4.9,4.4,*,1.9,1.6,*,38,36.5,*,76.9,75.4,c,72.4,70.6,*,19.6,17.6,*,15.9,14.2,c,2809357,2819754,c,46.8,46.9,c,53.2,53.1,c,581981,531157,c,43.4,43.6,c,56.6,56.4,c,Race,3651070,3741135,c,88.5,89.2,*,Race Distribution,11.5,10.8,*,88.5,89.2,*,69.8,71.8,*,8,7.3,*,0.3,0.2,*,N,(X),,N,(X),,N,(X),,N,(X),,0.3,0.3,,0.2,(X),,0,(X),,0,(X),,0,(X),,0,(X),,0,(X),,0,(X),,0,0,,N,(X),,N,(X),,N,(X),,N,(X),,10,9.5,*,11.5,10.8,*,10.5,10.1,*,0.1,0,*,0,0,*,0.1,0,*,3651070,3741135,c,81.1,82.5,*,19,17.7,*,0.7,0.4,*,0.4,0.4,,0,0,,10.7,10.1,*,Hispanic or Latino,3651070,3741135,c,Hispanic or Latino,99,98.9,*,0.3,0.3,,95.8,95.6,*,0.4,0.4,,2.4,2.6,,1,1.1,*,0.7,0.8,*,0.1,0.1,*,0,0,,0.1,0.1,,0,0,,0,0.1,,0.1,0.1,*,0,0,,0.1,0.1,*,1569050,1499654,*
